Country Name,Country Code,Indicator Name,Indicator Code,1960,1961,1962,1963,1964,1965,1966,1967,1968,1969,1970,1971,1972,1973,1974,1975,1976,1977,1978,1979,1980,1981,1982,1983,1984,1985,1986,1987,1988,1989,1990,1991,1992,1993,1994,1995,1996,1997,1998,1999,2000,2001,2002,2003,2004,2005,2006,2007,2008,2009,2010,2011,2012,2013,2014,2015,2016,2017,2018,2019,2020,2021,2022,2023,2024,Unnamed: 69
Aruba,ABW,"Maternal mortality ratio (modeled estimate, per 100,000 live births)",SH.STA.MMRT,,,,,,,,,,,,,,,,,,,,,,,,,,,,,,,,,,,,,,,,,,,,,,,,,,,,,,,,,,,,,,,,,,
Africa Eastern and Southern,AFE,"Maternal mortality ratio (modeled estimate, per 100,000 live births)",SH.STA.MMRT,,,,,,,,,,,,,,,,,,,,,,,,,,1050.0,1000.0,1060.0,984.0,954.0,933.0,903.0,938.0,913.0,858.0,782.0,762.0,733.0,773.0,646.0,612.0,586.0,564.0,537.0,516.0,510.0,505.0,505.0,503.0,491.0,476.0,457.0,433.0,419.0,409.0,394.0,376.0,354.0,327.0,308.0,290.0,312.0,269.0,268.0,,
Afghanistan,AFG,"Maternal mortality ratio (modeled estimate, per 100,000 live births)",SH.STA.MMRT,,,,,,,,,,,,,,,,,,,,,,,,,,2232.0,1857.0,1821.0,1572.0,1520.0,1550.0,1534.0,1443.0,1347.0,1396.0,1414.0,1389.0,1376.0,1464.0,1346.0,1372.0,1311.0,1263.0,1201.0,1166.0,1108.0,1069.0,1032.0,955.0,925.0,893.0,838.0,810.0,778.0,755.0,741.0,702.0,659.0,629.0,601.0,634.0,660.0,551.0,521.0,,
Africa Western and Central,AFW,"Maternal mortality ratio (modeled estimate, per 100,000 live births)",SH.STA.MMRT,,,,,,,,,,,,,,,,,,,,,,,,,,1140.0,1140.0,1120.0,1100.0,1070.0,1060.0,1050.0,1020.0,995.0,985.0,969.0,960.0,949.0,944.0,927.0,907.0,899.0,886.0,866.0,851.0,839.0,840.0,834.0,840.0,842.0,839.0,836.0,834.0,832.0,827.0,820.0,799.0,782.0,757.0,744.0,720.0,716.0,674.0,650.0,,
Angola,AGO,"Maternal mortality ratio (modeled estimate, per 100,000 live births)",SH.STA.MMRT,,,,,,,,,,,,,,,,,,,,,,,,,,877.0,864.0,920.0,895.0,884.0,876.0,826.0,877.0,855.0,812.0,772.0,747.0,717.0,723.0,687.0,659.0,629.0,602.0,538.0,499.0,462.0,437.0,401.0,372.0,348.0,321.0,301.0,278.0,267.0,262.0,249.0,236.0,220.0,208.0,202.0,195.0,211.0,185.0,183.0,,
Albania,ALB,"Maternal mortality ratio (modeled estimate, per 100,000 live births)",SH.STA.MMRT,,,,,,,,,,,,,,,,,,,,,,,,,,38.0,35.0,33.0,32.0,31.0,30.0,28.0,26.0,24.0,22.0,21.0,20.0,21.0,18.0,17.0,15.0,14.0,14.0,13.0,13.0,12.0,11.0,10.0,10.0,9.0,9.0,9.0,10.0,10.0,10.0,9.0,8.0,8.0,7.0,7.0,7.0,14.0,8.0,7.0,,
Andorra,AND,"Maternal mortality ratio (modeled estimate, per 100,000 live births)",SH.STA.MMRT,,,,,,,,,,,,,,,,,,,,,,,,,,21.0,19.0,19.0,18.0,20.0,16.0,18.0,17.0,16.0,15.0,15.0,15.0,13.0,12.0,12.0,14.0,14.0,14.0,13.0,12.0,13.0,11.0,12.0,12.0,11.0,12.0,11.0,11.0,9.0,10.0,10.0,10.0,11.0,11.0,11.0,48.0,18.0,17.0,11.0,,
Arab World,ARB,"Maternal mortality ratio (modeled estimate, per 100,000 live births)",SH.STA.MMRT,,,,,,,,,,,,,,,,,,,,,,,,,,390.0,374.0,357.0,348.0,339.0,325.0,324.0,307.0,294.0,288.0,278.0,274.0,264.0,257.0,252.0,245.0,237.0,229.0,226.0,215.0,206.0,200.0,189.0,181.0,170.0,170.0,161.0,150.0,145.0,140.0,137.0,135.0,133.0,134.0,130.0,138.0,158.0,129.0,121.0,,
United Arab Emirates,ARE,"Maternal mortality ratio (modeled estimate, per 100,000 live births)",SH.STA.MMRT,,,,,,,,,,,,,,,,,,,,,,,,,,19.0,19.0,19.0,19.0,19.0,19.0,19.0,19.0,19.0,19.0,18.0,16.0,14.0,12.0,10.0,8.0,7.0,5.0,5.0,4.0,4.0,3.0,3.0,3.0,3.0,3.0,4.0,4.0,4.0,3.0,3.0,3.0,3.0,3.0,3.0,6.0,6.0,2.0,3.0,,
Argentina,ARG,"Maternal mortality ratio (modeled estimate, per 100,000 live births)",SH.STA.MMRT,,,,,,,,,,,,,,,,,,,,,,,,,,80.0,76.0,73.0,70.0,68.0,68.0,67.0,65.0,62.0,62.0,60.0,59.0,60.0,57.0,57.0,58.0,60.0,59.0,61.0,58.0,57.0,60.0,62.0,59.0,62.0,55.0,48.0,49.0,47.0,43.0,39.0,40.0,38.0,38.0,36.0,40.0,76.0,39.0,33.0,,
Armenia,ARM,"Maternal mortality ratio (modeled estimate, per 100,000 live births)",SH.STA.MMRT,,,,,,,,,,,,,,,,,,,,,,,,,,55.0,54.0,52.0,55.0,46.0,47.0,47.0,50.0,50.0,51.0,50.0,49.0,48.0,45.0,42.0,40.0,38.0,36.0,35.0,34.0,32.0,31.0,30.0,29.0,29.0,28.0,27.0,27.0,26.0,26.0,25.0,25.0,24.0,24.0,23.0,43.0,57.0,27.0,19.0,,
American Samoa,ASM,"Maternal mortality ratio (modeled estimate, per 100,000 live births)",SH.STA.MMRT,,,,,,,,,,,,,,,,,,,,,,,,,,,,,,,,,,,,,,,,,,,,,,,,,,,,,,,,,,,,,,,,,,
Antigua and Barbuda,ATG,"Maternal mortality ratio (modeled estimate, per 100,000 live births)",SH.STA.MMRT,,,,,,,,,,,,,,,,,,,,,,,,,,38.0,38.0,40.0,38.0,41.0,41.0,42.0,40.0,40.0,38.0,38.0,37.0,37.0,34.0,34.0,37.0,36.0,36.0,33.0,34.0,33.0,32.0,32.0,31.0,32.0,31.0,31.0,30.0,32.0,32.0,30.0,28.0,31.0,31.0,32.0,35.0,32.0,36.0,35.0,,
Australia,AUS,"Maternal mortality ratio (modeled estimate, per 100,000 live births)",SH.STA.MMRT,,,,,,,,,,,,,,,,,,,,,,,,,,9.0,8.0,9.0,9.0,9.0,9.0,9.0,9.0,9.0,9.0,9.0,8.0,8.0,7.0,7.0,7.0,6.0,6.0,5.0,5.0,5.0,5.0,5.0,5.0,5.0,5.0,6.0,6.0,6.0,6.0,6.0,6.0,6.0,5.0,5.0,5.0,4.0,4.0,2.0,,
Austria,AUT,"Maternal mortality ratio (modeled estimate, per 100,000 live births)",SH.STA.MMRT,,,,,,,,,,,,,,,,,,,,,,,,,,14.0,14.0,13.0,13.0,12.0,12.0,11.0,10.0,10.0,10.0,9.0,8.0,7.0,7.0,7.0,7.0,6.0,6.0,6.0,6.0,6.0,6.0,6.0,6.0,6.0,6.0,6.0,6.0,6.0,7.0,7.0,6.0,6.0,7.0,7.0,6.0,6.0,7.0,6.0,,
Azerbaijan,AZE,"Maternal mortality ratio (modeled estimate, per 100,000 live births)",SH.STA.MMRT,,,,,,,,,,,,,,,,,,,,,,,,,,45.0,48.0,45.0,45.0,43.0,41.0,43.0,56.0,54.0,58.0,64.0,58.0,59.0,54.0,51.0,46.0,45.0,40.0,41.0,40.0,40.0,33.0,33.0,30.0,29.0,28.0,27.0,28.0,24.0,23.0,21.0,22.0,22.0,21.0,21.0,21.0,55.0,32.0,18.0,,
Burundi,BDI,"Maternal mortality ratio (modeled estimate, per 100,000 live births)",SH.STA.MMRT,,,,,,,,,,,,,,,,,,,,,,,,,,1428.0,1441.0,1446.0,1519.0,1511.0,1515.0,1513.0,1464.0,1801.0,1215.0,1293.0,1236.0,1100.0,969.0,899.0,860.0,799.0,743.0,705.0,687.0,685.0,670.0,655.0,635.0,612.0,614.0,597.0,575.0,555.0,533.0,525.0,501.0,482.0,464.0,449.0,441.0,447.0,412.0,392.0,,
Belgium,BEL,"Maternal mortality ratio (modeled estimate, per 100,000 live births)",SH.STA.MMRT,,,,,,,,,,,,,,,,,,,,,,,,,,9.0,9.0,9.0,9.0,9.0,9.0,9.0,9.0,9.0,9.0,9.0,9.0,8.0,8.0,8.0,8.0,8.0,7.0,7.0,7.0,7.0,6.0,7.0,6.0,6.0,6.0,6.0,5.0,6.0,5.0,5.0,5.0,5.0,5.0,4.0,4.0,7.0,11.0,4.0,,
Benin,BEN,"Maternal mortality ratio (modeled estimate, per 100,000 live births)",SH.STA.MMRT,,,,,,,,,,,,,,,,,,,,,,,,,,910.0,858.0,817.0,765.0,732.0,692.0,666.0,625.0,591.0,605.0,586.0,576.0,556.0,547.0,536.0,529.0,532.0,534.0,532.0,531.0,514.0,509.0,501.0,563.0,598.0,607.0,613.0,618.0,607.0,605.0,606.0,604.0,592.0,585.0,572.0,578.0,584.0,547.0,518.0,,
Burkina Faso,BFA,"Maternal mortality ratio (modeled estimate, per 100,000 live births)",SH.STA.MMRT,,,,,,,,,,,,,,,,,,,,,,,,,,850.0,834.0,820.0,806.0,787.0,759.0,732.0,703.0,677.0,651.0,629.0,605.0,610.0,567.0,547.0,524.0,513.0,508.0,495.0,481.0,467.0,463.0,453.0,429.0,419.0,404.0,388.0,376.0,361.0,344.0,328.0,313.0,298.0,286.0,274.0,334.0,354.0,316.0,242.0,,
Bangladesh,BGD,"Maternal mortality ratio (modeled estimate, per 100,000 live births)",SH.STA.MMRT,,,,,,,,,,,,,,,,,,,,,,,,,,926.0,891.0,884.0,881.0,877.0,870.0,890.0,827.0,791.0,749.0,707.0,664.0,626.0,589.0,554.0,523.0,495.0,465.0,436.0,406.0,378.0,352.0,334.0,310.0,293.0,275.0,258.0,244.0,230.0,217.0,204.0,191.0,179.0,168.0,157.0,152.0,194.0,131.0,115.0,,
Bulgaria,BGR,"Maternal mortality ratio (modeled estimate, per 100,000 live births)",SH.STA.MMRT,,,,,,,,,,,,,,,,,,,,,,,,,,26.0,25.0,25.0,26.0,25.0,27.0,25.0,25.0,23.0,25.0,23.0,22.0,23.0,20.0,20.0,19.0,17.0,15.0,14.0,14.0,13.0,12.0,11.0,10.0,9.0,9.0,8.0,7.0,7.0,7.0,7.0,7.0,7.0,7.0,6.0,9.0,9.0,10.0,6.0,,
Bahrain,BHR,"Maternal mortality ratio (modeled estimate, per 100,000 live births)",SH.STA.MMRT,,,,,,,,,,,,,,,,,,,,,,,,,,37.0,37.0,36.0,36.0,35.0,35.0,34.0,34.0,33.0,33.0,31.0,30.0,28.0,27.0,26.0,25.0,24.0,23.0,22.0,21.0,20.0,20.0,19.0,19.0,18.0,18.0,18.0,17.0,17.0,16.0,16.0,17.0,17.0,16.0,17.0,7.0,10.0,5.0,17.0,,
"Bahamas, The",BHS,"Maternal mortality ratio (modeled estimate, per 100,000 live births)",SH.STA.MMRT,,,,,,,,,,,,,,,,,,,,,,,,,,70.0,68.0,66.0,66.0,65.0,65.0,67.0,67.0,66.0,64.0,63.0,62.0,59.0,57.0,54.0,51.0,48.0,46.0,57.0,69.0,70.0,74.0,78.0,80.0,84.0,79.0,74.0,71.0,74.0,78.0,83.0,77.0,79.0,82.0,82.0,84.0,174.0,80.0,76.0,,
Bosnia and Herzegovina,BIH,"Maternal mortality ratio (modeled estimate, per 100,000 live births)",SH.STA.MMRT,,,,,,,,,,,,,,,,,,,,,,,,,,35.0,33.0,31.0,29.0,26.0,25.0,23.0,30.0,26.0,22.0,19.0,17.0,16.0,14.0,13.0,11.0,11.0,10.0,10.0,10.0,9.0,9.0,9.0,8.0,8.0,8.0,7.0,7.0,7.0,7.0,7.0,7.0,7.0,7.0,6.0,7.0,13.0,12.0,6.0,,
Belarus,BLR,"Maternal mortality ratio (modeled estimate, per 100,000 live births)",SH.STA.MMRT,,,,,,,,,,,,,,,,,,,,,,,,,,30.0,30.0,30.0,32.0,33.0,33.0,32.0,32.0,31.0,30.0,29.0,28.0,27.0,25.0,23.0,20.0,18.0,16.0,14.0,12.0,9.0,7.0,6.0,4.0,4.0,3.0,2.0,2.0,2.0,2.0,1.0,1.0,1.0,1.0,1.0,2.0,2.0,1.0,1.0,,
Belize,BLZ,"Maternal mortality ratio (modeled estimate, per 100,000 live births)",SH.STA.MMRT,,,,,,,,,,,,,,,,,,,,,,,,,,98.0,87.0,83.0,82.0,80.0,77.0,75.0,74.0,73.0,72.0,73.0,74.0,77.0,79.0,77.0,78.0,76.0,68.0,67.0,63.0,60.0,55.0,52.0,48.0,45.0,41.0,39.0,40.0,41.0,44.0,47.0,51.0,56.0,60.0,61.0,88.0,157.0,110.0,67.0,,
Bermuda,BMU,"Maternal mortality ratio (modeled estimate, per 100,000 live births)",SH.STA.MMRT,,,,,,,,,,,,,,,,,,,,,,,,,,,,,,,,,,,,,,,,,,,,,,,,,,,,,,,,,,,,,,,,,,
Bolivia,BOL,"Maternal mortality ratio (modeled estimate, per 100,000 live births)",SH.STA.MMRT,,,,,,,,,,,,,,,,,,,,,,,,,,518.0,503.0,478.0,457.0,430.0,407.0,391.0,375.0,354.0,336.0,322.0,314.0,306.0,298.0,292.0,287.0,276.0,262.0,256.0,251.0,242.0,236.0,224.0,214.0,205.0,196.0,187.0,180.0,175.0,171.0,166.0,162.0,160.0,157.0,156.0,218.0,270.0,164.0,146.0,,
Brazil,BRA,"Maternal mortality ratio (modeled estimate, per 100,000 live births)",SH.STA.MMRT,,,,,,,,,,,,,,,,,,,,,,,,,,186.0,176.0,167.0,161.0,150.0,140.0,128.0,118.0,113.0,108.0,103.0,98.0,92.0,84.0,75.0,69.0,66.0,66.0,67.0,70.0,71.0,72.0,73.0,71.0,69.0,66.0,62.0,60.0,61.0,63.0,63.0,64.0,61.0,62.0,65.0,85.0,128.0,104.0,67.0,,
Barbados,BRB,"Maternal mortality ratio (modeled estimate, per 100,000 live births)",SH.STA.MMRT,,,,,,,,,,,,,,,,,,,,,,,,,,55.0,56.0,57.0,55.0,57.0,59.0,60.0,61.0,55.0,53.0,52.0,51.0,51.0,45.0,44.0,46.0,46.0,43.0,45.0,43.0,44.0,45.0,42.0,42.0,42.0,42.0,41.0,40.0,40.0,39.0,37.0,36.0,37.0,37.0,36.0,39.0,38.0,38.0,35.0,,
Brunei Darussalam,BRN,"Maternal mortality ratio (modeled estimate, per 100,000 live births)",SH.STA.MMRT,,,,,,,,,,,,,,,,,,,,,,,,,,79.0,78.0,75.0,73.0,71.0,68.0,65.0,62.0,59.0,58.0,55.0,54.0,52.0,51.0,50.0,48.0,46.0,46.0,45.0,44.0,43.0,42.0,41.0,40.0,40.0,40.0,40.0,40.0,40.0,40.0,39.0,39.0,39.0,39.0,38.0,39.0,44.0,88.0,36.0,,
Bhutan,BTN,"Maternal mortality ratio (modeled estimate, per 100,000 live births)",SH.STA.MMRT,,,,,,,,,,,,,,,,,,,,,,,,,,969.0,911.0,857.0,798.0,747.0,704.0,671.0,656.0,578.0,544.0,498.0,450.0,415.0,378.0,346.0,324.0,286.0,257.0,229.0,207.0,186.0,167.0,149.0,133.0,121.0,107.0,96.0,86.0,79.0,73.0,68.0,63.0,58.0,55.0,52.0,51.0,50.0,49.0,47.0,,
Botswana,BWA,"Maternal mortality ratio (modeled estimate, per 100,000 live births)",SH.STA.MMRT,,,,,,,,,,,,,,,,,,,,,,,,,,313.0,304.0,302.0,319.0,300.0,296.0,283.0,263.0,230.0,182.0,148.0,130.0,123.0,126.0,131.0,136.0,138.0,140.0,142.0,151.0,166.0,204.0,201.0,199.0,213.0,228.0,269.0,288.0,221.0,212.0,141.0,72.0,46.0,99.0,100.0,98.0,165.0,120.0,155.0,,
Central African Republic,CAF,"Maternal mortality ratio (modeled estimate, per 100,000 live births)",SH.STA.MMRT,,,,,,,,,,,,,,,,,,,,,,,,,,796.0,795.0,803.0,815.0,835.0,866.0,910.0,956.0,997.0,1053.0,1123.0,1191.0,1270.0,1346.0,1411.0,1490.0,1504.0,1496.0,1487.0,1450.0,1389.0,1337.0,1271.0,1234.0,1272.0,1230.0,1131.0,1092.0,1092.0,1034.0,981.0,962.0,1093.0,881.0,1650.0,1296.0,1127.0,841.0,692.0,,
Canada,CAN,"Maternal mortality ratio (modeled estimate, per 100,000 live births)",SH.STA.MMRT,,,,,,,,,,,,,,,,,,,,,,,,,,7.0,7.0,7.0,7.0,8.0,7.0,8.0,8.0,8.0,8.0,8.0,9.0,8.0,9.0,9.0,9.0,10.0,10.0,10.0,10.0,11.0,11.0,11.0,12.0,12.0,11.0,11.0,11.0,11.0,12.0,11.0,12.0,12.0,13.0,12.0,17.0,14.0,15.0,12.0,,
Central Europe and the Baltics,CEB,"Maternal mortality ratio (modeled estimate, per 100,000 live births)",SH.STA.MMRT,,,,,,,,,,,,,,,,,,,,,,,,,,55.0,56.0,55.0,52.0,49.0,41.0,36.0,34.0,32.0,30.0,28.0,26.0,24.0,22.0,20.0,18.0,16.0,15.0,14.0,13.0,12.0,11.0,11.0,10.0,10.0,9.0,8.0,8.0,8.0,8.0,8.0,7.0,7.0,7.0,7.0,8.0,11.0,7.0,6.0,,
Switzerland,CHE,"Maternal mortality ratio (modeled estimate, per 100,000 live births)",SH.STA.MMRT,,,,,,,,,,,,,,,,,,,,,,,,,,15.0,14.0,14.0,15.0,14.0,14.0,14.0,13.0,13.0,12.0,12.0,11.0,10.0,10.0,9.0,9.0,8.0,9.0,8.0,8.0,8.0,8.0,7.0,7.0,7.0,7.0,7.0,7.0,7.0,6.0,6.0,7.0,6.0,6.0,6.0,5.0,4.0,4.0,5.0,,
Channel Islands,CHI,"Maternal mortality ratio (modeled estimate, per 100,000 live births)",SH.STA.MMRT,,,,,,,,,,,,,,,,,,,,,,,,,,,,,,,,,,,,,,,,,,,,,,,,,,,,,,,,,,,,,,,,,,
Chile,CHL,"Maternal mortality ratio (modeled estimate, per 100,000 live births)",SH.STA.MMRT,,,,,,,,,,,,,,,,,,,,,,,,,,73.0,70.0,67.0,64.0,62.0,56.0,54.0,52.0,49.0,47.0,44.0,41.0,39.0,36.0,35.0,33.0,32.0,30.0,29.0,28.0,27.0,27.0,26.0,24.0,24.0,22.0,20.0,18.0,17.0,16.0,14.0,13.0,12.0,11.0,11.0,12.0,14.0,12.0,10.0,,
China,CHN,"Maternal mortality ratio (modeled estimate, per 100,000 live births)",SH.STA.MMRT,,,,,,,,,,,,,,,,,,,,,,,,,,125.0,120.0,114.0,108.0,104.0,102.0,92.0,86.0,80.0,76.0,71.0,67.0,63.0,60.0,58.0,56.0,52.0,50.0,47.0,45.0,42.0,40.0,38.0,38.0,35.0,34.0,33.0,32.0,30.0,28.0,26.0,25.0,24.0,22.0,21.0,20.0,21.0,18.0,16.0,,
Cote d'Ivoire,CIV,"Maternal mortality ratio (modeled estimate, per 100,000 live births)",SH.STA.MMRT,,,,,,,,,,,,,,,,,,,,,,,,,,766.0,735.0,697.0,671.0,645.0,619.0,584.0,546.0,503.0,463.0,421.0,381.0,364.0,380.0,381.0,378.0,405.0,427.0,451.0,456.0,492.0,544.0,567.0,562.0,588.0,592.0,569.0,566.0,544.0,522.0,505.0,488.0,465.0,449.0,429.0,447.0,459.0,409.0,359.0,,
Cameroon,CMR,"Maternal mortality ratio (modeled estimate, per 100,000 live births)",SH.STA.MMRT,,,,,,,,,,,,,,,,,,,,,,,,,,572.0,579.0,557.0,559.0,564.0,570.0,584.0,595.0,606.0,628.0,641.0,648.0,652.0,666.0,672.0,678.0,672.0,658.0,645.0,633.0,629.0,615.0,605.0,592.0,579.0,562.0,541.0,500.0,469.0,440.0,417.0,393.0,372.0,354.0,336.0,316.0,342.0,276.0,258.0,,
"Congo, Dem. Rep.",COD,"Maternal mortality ratio (modeled estimate, per 100,000 live births)",SH.STA.MMRT,,,,,,,,,,,,,,,,,,,,,,,,,,934.0,902.0,863.0,824.0,791.0,755.0,735.0,709.0,683.0,656.0,644.0,661.0,617.0,605.0,601.0,585.0,588.0,601.0,605.0,607.0,613.0,619.0,631.0,620.0,608.0,601.0,589.0,578.0,567.0,558.0,545.0,526.0,519.0,508.0,493.0,489.0,507.0,456.0,427.0,,
"Congo, Rep.",COG,"Maternal mortality ratio (modeled estimate, per 100,000 live births)",SH.STA.MMRT,,,,,,,,,,,,,,,,,,,,,,,,,,546.0,535.0,519.0,510.0,506.0,505.0,514.0,531.0,541.0,551.0,551.0,545.0,650.0,597.0,554.0,509.0,489.0,464.0,436.0,400.0,385.0,394.0,370.0,395.0,414.0,382.0,378.0,374.0,320.0,302.0,284.0,263.0,262.0,259.0,245.0,247.0,301.0,241.0,241.0,,
Colombia,COL,"Maternal mortality ratio (modeled estimate, per 100,000 live births)",SH.STA.MMRT,,,,,,,,,,,,,,,,,,,,,,,,,,143.0,123.0,120.0,113.0,106.0,102.0,99.0,97.0,94.0,93.0,91.0,89.0,90.0,92.0,96.0,95.0,94.0,91.0,87.0,84.0,82.0,81.0,80.0,78.0,77.0,76.0,75.0,73.0,72.0,71.0,70.0,69.0,68.0,67.0,66.0,94.0,147.0,74.0,59.0,,
Comoros,COM,"Maternal mortality ratio (modeled estimate, per 100,000 live births)",SH.STA.MMRT,,,,,,,,,,,,,,,,,,,,,,,,,,850.0,825.0,811.0,791.0,768.0,737.0,704.0,675.0,642.0,602.0,571.0,545.0,520.0,515.0,486.0,476.0,440.0,428.0,400.0,385.0,373.0,360.0,352.0,334.0,320.0,305.0,291.0,274.0,260.0,247.0,237.0,225.0,219.0,209.0,202.0,198.0,215.0,186.0,179.0,,
Cabo Verde,CPV,"Maternal mortality ratio (modeled estimate, per 100,000 live births)",SH.STA.MMRT,,,,,,,,,,,,,,,,,,,,,,,,,,420.0,394.0,366.0,346.0,322.0,298.0,277.0,255.0,233.0,214.0,196.0,167.0,147.0,134.0,122.0,110.0,101.0,92.0,86.0,80.0,75.0,76.0,73.0,68.0,62.0,61.0,55.0,51.0,50.0,48.0,46.0,44.0,43.0,43.0,41.0,56.0,56.0,42.0,40.0,,
Costa Rica,CRI,"Maternal mortality ratio (modeled estimate, per 100,000 live births)",SH.STA.MMRT,,,,,,,,,,,,,,,,,,,,,,,,,,43.0,42.0,41.0,40.0,40.0,40.0,39.0,39.0,39.0,39.0,39.0,39.0,38.0,37.0,36.0,36.0,35.0,34.0,33.0,33.0,31.0,30.0,30.0,30.0,29.0,29.0,28.0,27.0,27.0,27.0,26.0,27.0,27.0,28.0,26.0,34.0,44.0,27.0,24.0,,
Caribbean small states,CSS,"Maternal mortality ratio (modeled estimate, per 100,000 live births)",SH.STA.MMRT,,,,,,,,,,,,,,,,,,,,,,,,,,159.0,158.0,156.0,155.0,154.0,151.0,149.0,146.0,144.0,143.0,144.0,143.0,141.0,136.0,132.0,127.0,122.0,117.0,113.0,108.0,105.0,102.0,98.0,94.0,90.0,87.0,83.0,81.0,81.0,79.0,78.0,76.0,75.0,75.0,75.0,74.0,124.0,68.0,65.0,,
Cuba,CUB,"Maternal mortality ratio (modeled estimate, per 100,000 live births)",SH.STA.MMRT,,,,,,,,,,,,,,,,,,,,,,,,,,70.0,70.0,69.0,68.0,66.0,66.0,66.0,66.0,65.0,64.0,62.0,59.0,57.0,54.0,51.0,48.0,46.0,45.0,44.0,44.0,43.0,42.0,42.0,44.0,45.0,44.0,44.0,42.0,42.0,42.0,41.0,40.0,39.0,39.0,40.0,40.0,172.0,41.0,35.0,,
Curacao,CUW,"Maternal mortality ratio (modeled estimate, per 100,000 live births)",SH.STA.MMRT,,,,,,,,,,,,,,,,,,,,,,,,,,,,,,,,,,,,,,,,,,,,,,,,,,,,,,,,,,,,,,,,,,
Cayman Islands,CYM,"Maternal mortality ratio (modeled estimate, per 100,000 live births)",SH.STA.MMRT,,,,,,,,,,,,,,,,,,,,,,,,,,,,,,,,,,,,,,,,,,,,,,,,,,,,,,,,,,,,,,,,,,
Cyprus,CYP,"Maternal mortality ratio (modeled estimate, per 100,000 live births)",SH.STA.MMRT,,,,,,,,,,,,,,,,,,,,,,,,,,19.0,18.0,17.0,17.0,16.0,15.0,15.0,15.0,15.0,15.0,14.0,14.0,13.0,13.0,12.0,12.0,11.0,11.0,10.0,10.0,10.0,10.0,10.0,10.0,10.0,10.0,10.0,10.0,10.0,11.0,11.0,12.0,12.0,13.0,13.0,87.0,98.0,53.0,14.0,,
Czechia,CZE,"Maternal mortality ratio (modeled estimate, per 100,000 live births)",SH.STA.MMRT,,,,,,,,,,,,,,,,,,,,,,,,,,15.0,17.0,15.0,16.0,15.0,15.0,15.0,13.0,12.0,11.0,10.0,8.0,8.0,7.0,7.0,7.0,6.0,6.0,6.0,5.0,5.0,5.0,4.0,4.0,4.0,4.0,4.0,4.0,3.0,3.0,3.0,3.0,3.0,3.0,3.0,3.0,4.0,3.0,3.0,,
Germany,DEU,"Maternal mortality ratio (modeled estimate, per 100,000 live births)",SH.STA.MMRT,,,,,,,,,,,,,,,,,,,,,,,,,,14.0,14.0,13.0,13.0,12.0,12.0,11.0,10.0,9.0,9.0,8.0,8.0,8.0,7.0,7.0,7.0,6.0,6.0,6.0,6.0,6.0,6.0,5.0,6.0,6.0,5.0,5.0,5.0,5.0,5.0,5.0,4.0,4.0,4.0,4.0,4.0,4.0,4.0,4.0,,
Djibouti,DJI,"Maternal mortality ratio (modeled estimate, per 100,000 live births)",SH.STA.MMRT,,,,,,,,,,,,,,,,,,,,,,,,,,821.0,804.0,785.0,768.0,746.0,725.0,731.0,780.0,704.0,682.0,634.0,609.0,582.0,555.0,524.0,501.0,441.0,404.0,391.0,364.0,315.0,298.0,285.0,273.0,263.0,243.0,229.0,221.0,219.0,212.0,210.0,204.0,201.0,199.0,194.0,192.0,221.0,174.0,162.0,,
Dominica,DMA,"Maternal mortality ratio (modeled estimate, per 100,000 live births)",SH.STA.MMRT,,,,,,,,,,,,,,,,,,,,,,,,,,61.0,63.0,63.0,68.0,69.0,77.0,81.0,80.0,79.0,77.0,73.0,71.0,67.0,64.0,64.0,61.0,58.0,56.0,55.0,54.0,54.0,54.0,53.0,53.0,50.0,50.0,49.0,51.0,50.0,53.0,63.0,48.0,44.0,43.0,41.0,47.0,110.0,44.0,36.0,,
Denmark,DNK,"Maternal mortality ratio (modeled estimate, per 100,000 live births)",SH.STA.MMRT,,,,,,,,,,,,,,,,,,,,,,,,,,12.0,12.0,12.0,13.0,13.0,12.0,12.0,12.0,12.0,12.0,12.0,11.0,10.0,9.0,9.0,9.0,9.0,9.0,8.0,8.0,8.0,7.0,7.0,7.0,7.0,7.0,6.0,6.0,5.0,5.0,5.0,5.0,5.0,5.0,4.0,4.0,8.0,6.0,4.0,,
Dominican Republic,DOM,"Maternal mortality ratio (modeled estimate, per 100,000 live births)",SH.STA.MMRT,,,,,,,,,,,,,,,,,,,,,,,,,,249.0,241.0,231.0,221.0,213.0,203.0,193.0,185.0,176.0,166.0,152.0,138.0,122.0,109.0,92.0,76.0,68.0,68.0,71.0,78.0,83.0,87.0,90.0,94.0,96.0,92.0,91.0,89.0,91.0,95.0,102.0,106.0,104.0,107.0,118.0,121.0,153.0,124.0,124.0,,
Algeria,DZA,"Maternal mortality ratio (modeled estimate, per 100,000 live births)",SH.STA.MMRT,,,,,,,,,,,,,,,,,,,,,,,,,,292.0,265.0,243.0,227.0,215.0,202.0,198.0,193.0,195.0,196.0,187.0,173.0,155.0,143.0,132.0,123.0,113.0,102.0,101.0,91.0,87.0,84.0,83.0,83.0,83.0,82.0,81.0,81.0,81.0,80.0,79.0,79.0,77.0,75.0,73.0,97.0,79.0,64.0,62.0,,
East Asia & Pacific (excluding high income),EAP,"Maternal mortality ratio (modeled estimate, per 100,000 live births)",SH.STA.MMRT,,,,,,,,,,,,,,,,,,,,,,,,,,207.0,193.0,182.0,177.0,168.0,162.0,163.0,157.0,150.0,149.0,146.0,142.0,138.0,135.0,133.0,126.0,123.0,118.0,114.0,111.0,106.0,104.0,100.0,97.0,92.0,90.0,87.0,82.0,79.0,74.0,72.0,68.0,64.0,66.0,65.0,74.0,95.0,74.0,68.0,,
Early-demographic dividend,EAR,"Maternal mortality ratio (modeled estimate, per 100,000 live births)",SH.STA.MMRT,,,,,,,,,,,,,,,,,,,,,,,,,,538.0,517.0,497.0,482.0,467.0,456.0,444.0,432.0,420.0,429.0,395.0,383.0,370.0,357.0,345.0,332.0,321.0,305.0,291.0,277.0,263.0,249.0,236.0,224.0,212.0,201.0,189.0,178.0,167.0,156.0,148.0,140.0,133.0,128.0,122.0,126.0,162.0,112.0,104.0,,
East Asia & Pacific,EAS,"Maternal mortality ratio (modeled estimate, per 100,000 live births)",SH.STA.MMRT,,,,,,,,,,,,,,,,,,,,,,,,,,199.0,187.0,176.0,170.0,162.0,157.0,156.0,150.0,143.0,142.0,139.0,135.0,131.0,128.0,126.0,119.0,117.0,112.0,108.0,106.0,101.0,99.0,95.0,92.0,88.0,86.0,83.0,78.0,76.0,71.0,70.0,66.0,62.0,64.0,63.0,72.0,94.0,72.0,66.0,,
Europe & Central Asia (excluding high income),ECA,"Maternal mortality ratio (modeled estimate, per 100,000 live births)",SH.STA.MMRT,,,,,,,,,,,,,,,,,,,,,,,,,,58.0,56.0,53.0,50.0,48.0,47.0,46.0,47.0,47.0,47.0,47.0,45.0,43.0,41.0,40.0,37.0,36.0,34.0,33.0,32.0,31.0,30.0,29.0,28.0,26.0,25.0,25.0,23.0,22.0,22.0,21.0,20.0,20.0,19.0,19.0,22.0,26.0,21.0,18.0,,
Europe & Central Asia,ECS,"Maternal mortality ratio (modeled estimate, per 100,000 live births)",SH.STA.MMRT,,,,,,,,,,,,,,,,,,,,,,,,,,48.0,45.0,43.0,41.0,39.0,36.0,34.0,34.0,35.0,37.0,35.0,32.0,30.0,28.0,27.0,25.0,24.0,24.0,23.0,22.0,21.0,19.0,19.0,18.0,17.0,16.0,16.0,15.0,14.0,14.0,14.0,13.0,13.0,12.0,12.0,16.0,18.0,14.0,11.0,,
Ecuador,ECU,"Maternal mortality ratio (modeled estimate, per 100,000 live births)",SH.STA.MMRT,,,,,,,,,,,,,,,,,,,,,,,,,,188.0,181.0,131.0,166.0,166.0,168.0,177.0,172.0,168.0,155.0,146.0,138.0,135.0,131.0,128.0,123.0,116.0,109.0,102.0,97.0,94.0,90.0,86.0,83.0,82.0,80.0,77.0,72.0,68.0,65.0,64.0,65.0,62.0,61.0,62.0,91.0,93.0,69.0,55.0,,
"Egypt, Arab Rep.",EGY,"Maternal mortality ratio (modeled estimate, per 100,000 live births)",SH.STA.MMRT,,,,,,,,,,,,,,,,,,,,,,,,,,141.0,135.0,128.0,121.0,114.0,107.0,100.0,93.0,86.0,81.0,75.0,69.0,64.0,60.0,56.0,53.0,50.0,48.0,45.0,43.0,41.0,40.0,38.0,36.0,34.0,32.0,31.0,29.0,27.0,26.0,24.0,23.0,21.0,20.0,19.0,31.0,42.0,24.0,17.0,,
Euro area,EMU,"Maternal mortality ratio (modeled estimate, per 100,000 live births)",SH.STA.MMRT,,,,,,,,,,,,,,,,,,,,,,,,,,16.0,16.0,15.0,15.0,15.0,14.0,14.0,13.0,13.0,12.0,12.0,11.0,10.0,9.0,9.0,9.0,8.0,8.0,8.0,7.0,7.0,7.0,7.0,7.0,7.0,7.0,7.0,7.0,7.0,6.0,6.0,6.0,6.0,6.0,6.0,7.0,7.0,7.0,5.0,,
Eritrea,ERI,"Maternal mortality ratio (modeled estimate, per 100,000 live births)",SH.STA.MMRT,,,,,,,,,,,,,,,,,,,,,,,,,,1678.0,1625.0,1555.0,1499.0,1473.0,1352.0,1384.0,1149.0,1040.0,998.0,854.0,878.0,817.0,865.0,734.0,741.0,651.0,636.0,588.0,588.0,567.0,555.0,541.0,530.0,515.0,498.0,478.0,458.0,443.0,430.0,413.0,395.0,379.0,363.0,351.0,334.0,338.0,301.0,291.0,,
Spain,ESP,"Maternal mortality ratio (modeled estimate, per 100,000 live births)",SH.STA.MMRT,,,,,,,,,,,,,,,,,,,,,,,,,,6.0,7.0,7.0,7.0,7.0,6.0,6.0,6.0,6.0,6.0,6.0,6.0,5.0,5.0,5.0,5.0,5.0,5.0,4.0,5.0,5.0,4.0,4.0,4.0,4.0,4.0,4.0,4.0,4.0,4.0,4.0,3.0,3.0,3.0,3.0,4.0,4.0,4.0,3.0,,
Estonia,EST,"Maternal mortality ratio (modeled estimate, per 100,000 live births)",SH.STA.MMRT,,,,,,,,,,,,,,,,,,,,,,,,,,56.0,46.0,42.0,43.0,48.0,44.0,42.0,40.0,46.0,60.0,45.0,36.0,31.0,32.0,28.0,27.0,25.0,22.0,18.0,15.0,15.0,13.0,13.0,11.0,10.0,8.0,9.0,8.0,6.0,7.0,6.0,7.0,5.0,5.0,6.0,6.0,8.0,7.0,5.0,,
Ethiopia,ETH,"Maternal mortality ratio (modeled estimate, per 100,000 live births)",SH.STA.MMRT,,,,,,,,,,,,,,,,,,,,,,,,,,1329.0,1317.0,1289.0,1306.0,1296.0,1320.0,1239.0,1218.0,1168.0,1113.0,1060.0,1008.0,957.0,911.0,901.0,870.0,856.0,826.0,797.0,764.0,754.0,729.0,704.0,678.0,649.0,619.0,588.0,545.0,494.0,444.0,401.0,364.0,327.0,297.0,269.0,244.0,250.0,207.0,195.0,,
European Union,EUU,"Maternal mortality ratio (modeled estimate, per 100,000 live births)",SH.STA.MMRT,,,,,,,,,,,,,,,,,,,,,,,,,,28.0,28.0,27.0,26.0,25.0,21.0,20.0,18.0,17.0,16.0,15.0,14.0,13.0,12.0,11.0,11.0,10.0,9.0,9.0,9.0,8.0,8.0,8.0,8.0,8.0,7.0,7.0,7.0,7.0,7.0,7.0,6.0,6.0,6.0,6.0,7.0,8.0,7.0,5.0,,
Fragile and conflict affected situations,FCS,"Maternal mortality ratio (modeled estimate, per 100,000 live births)",SH.STA.MMRT,,,,,,,,,,,,,,,,,,,,,,,,,,1020.0,997.0,1040.0,986.0,965.0,953.0,937.0,952.0,930.0,834.0,859.0,850.0,830.0,866.0,781.0,761.0,748.0,731.0,711.0,695.0,683.0,677.0,669.0,662.0,653.0,646.0,635.0,623.0,615.0,612.0,605.0,589.0,573.0,544.0,526.0,511.0,523.0,477.0,458.0,,
Finland,FIN,"Maternal mortality ratio (modeled estimate, per 100,000 live births)",SH.STA.MMRT,,,,,,,,,,,,,,,,,,,,,,,,,,7.0,8.0,7.0,8.0,8.0,8.0,8.0,8.0,7.0,7.0,7.0,7.0,7.0,7.0,7.0,7.0,7.0,7.0,7.0,7.0,8.0,7.0,7.0,7.0,8.0,8.0,7.0,8.0,8.0,7.0,7.0,7.0,8.0,8.0,8.0,9.0,8.0,8.0,8.0,,
Fiji,FJI,"Maternal mortality ratio (modeled estimate, per 100,000 live births)",SH.STA.MMRT,,,,,,,,,,,,,,,,,,,,,,,,,,78.0,76.0,74.0,71.0,70.0,70.0,67.0,64.0,62.0,58.0,55.0,53.0,51.0,49.0,46.0,47.0,46.0,48.0,47.0,46.0,44.0,43.0,43.0,42.0,41.0,40.0,39.0,42.0,40.0,38.0,37.0,38.0,34.0,35.0,34.0,34.0,68.0,32.0,30.0,,
France,FRA,"Maternal mortality ratio (modeled estimate, per 100,000 live births)",SH.STA.MMRT,,,,,,,,,,,,,,,,,,,,,,,,,,20.0,20.0,19.0,19.0,19.0,18.0,18.0,17.0,16.0,15.0,15.0,13.0,11.0,10.0,10.0,9.0,9.0,9.0,9.0,9.0,9.0,9.0,9.0,10.0,10.0,9.0,9.0,9.0,9.0,9.0,9.0,9.0,8.0,9.0,8.0,9.0,9.0,9.0,7.0,,
Faroe Islands,FRO,"Maternal mortality ratio (modeled estimate, per 100,000 live births)",SH.STA.MMRT,,,,,,,,,,,,,,,,,,,,,,,,,,,,,,,,,,,,,,,,,,,,,,,,,,,,,,,,,,,,,,,,,,
"Micronesia, Fed. Sts.",FSM,"Maternal mortality ratio (modeled estimate, per 100,000 live births)",SH.STA.MMRT,,,,,,,,,,,,,,,,,,,,,,,,,,224.0,217.0,224.0,219.0,211.0,209.0,208.0,205.0,204.0,200.0,204.0,204.0,201.0,203.0,200.0,204.0,196.0,214.0,191.0,190.0,188.0,190.0,188.0,188.0,186.0,184.0,181.0,180.0,181.0,178.0,182.0,173.0,171.0,163.0,154.0,150.0,155.0,144.0,129.0,,
Gabon,GAB,"Maternal mortality ratio (modeled estimate, per 100,000 live births)",SH.STA.MMRT,,,,,,,,,,,,,,,,,,,,,,,,,,373.0,369.0,366.0,367.0,366.0,368.0,369.0,371.0,364.0,357.0,341.0,321.0,290.0,258.0,216.0,178.0,160.0,151.0,134.0,142.0,175.0,186.0,173.0,158.0,158.0,144.0,149.0,173.0,235.0,273.0,239.0,215.0,184.0,176.0,179.0,194.0,249.0,216.0,233.0,,
United Kingdom,GBR,"Maternal mortality ratio (modeled estimate, per 100,000 live births)",SH.STA.MMRT,,,,,,,,,,,,,,,,,,,,,,,,,,2.0,2.0,3.0,4.0,5.0,6.0,7.0,7.0,8.0,9.0,9.0,8.0,9.0,10.0,11.0,12.0,13.0,13.0,14.0,13.0,12.0,12.0,11.0,11.0,11.0,10.0,10.0,9.0,9.0,9.0,9.0,9.0,9.0,9.0,9.0,14.0,13.0,15.0,8.0,,
Georgia,GEO,"Maternal mortality ratio (modeled estimate, per 100,000 live births)",SH.STA.MMRT,,,,,,,,,,,,,,,,,,,,,,,,,,34.0,34.0,32.0,33.0,36.0,34.0,36.0,38.0,40.0,40.0,41.0,35.0,45.0,43.0,41.0,43.0,45.0,46.0,42.0,43.0,53.0,45.0,52.0,54.0,56.0,41.0,37.0,35.0,34.0,32.0,30.0,28.0,27.0,24.0,22.0,30.0,60.0,22.0,20.0,,
Ghana,GHA,"Maternal mortality ratio (modeled estimate, per 100,000 live births)",SH.STA.MMRT,,,,,,,,,,,,,,,,,,,,,,,,,,943.0,908.0,873.0,834.0,799.0,769.0,745.0,718.0,696.0,670.0,630.0,591.0,553.0,521.0,490.0,472.0,460.0,434.0,410.0,403.0,390.0,385.0,377.0,380.0,369.0,363.0,356.0,351.0,338.0,317.0,310.0,296.0,287.0,276.0,260.0,253.0,264.0,239.0,234.0,,
Gibraltar,GIB,"Maternal mortality ratio (modeled estimate, per 100,000 live births)",SH.STA.MMRT,,,,,,,,,,,,,,,,,,,,,,,,,,,,,,,,,,,,,,,,,,,,,,,,,,,,,,,,,,,,,,,,,,
Guinea,GIN,"Maternal mortality ratio (modeled estimate, per 100,000 live births)",SH.STA.MMRT,,,,,,,,,,,,,,,,,,,,,,,,,,1248.0,1234.0,1218.0,1202.0,1188.0,1162.0,1143.0,1124.0,1094.0,1081.0,1042.0,1010.0,994.0,971.0,960.0,951.0,946.0,916.0,892.0,869.0,843.0,825.0,802.0,772.0,766.0,750.0,728.0,703.0,682.0,664.0,642.0,606.0,582.0,560.0,548.0,528.0,533.0,500.0,494.0,,
"Gambia, The",GMB,"Maternal mortality ratio (modeled estimate, per 100,000 live births)",SH.STA.MMRT,,,,,,,,,,,,,,,,,,,,,,,,,,1454.0,1401.0,1360.0,1302.0,1258.0,1207.0,1167.0,1115.0,1072.0,1039.0,999.0,956.0,928.0,867.0,830.0,810.0,794.0,772.0,749.0,719.0,707.0,682.0,675.0,653.0,634.0,632.0,634.0,628.0,606.0,561.0,527.0,490.0,469.0,450.0,422.0,400.0,420.0,365.0,354.0,,
Guinea-Bissau,GNB,"Maternal mortality ratio (modeled estimate, per 100,000 live births)",SH.STA.MMRT,,,,,,,,,,,,,,,,,,,,,,,,,,1851.0,1825.0,1796.0,1759.0,1698.0,1709.0,1663.0,1633.0,1613.0,1644.0,1556.0,1539.0,1642.0,1465.0,1461.0,1295.0,1222.0,1141.0,1069.0,980.0,956.0,831.0,792.0,802.0,753.0,698.0,678.0,704.0,707.0,662.0,631.0,617.0,597.0,585.0,598.0,603.0,617.0,539.0,505.0,,
Equatorial Guinea,GNQ,"Maternal mortality ratio (modeled estimate, per 100,000 live births)",SH.STA.MMRT,,,,,,,,,,,,,,,,,,,,,,,,,,658.0,666.0,672.0,675.0,688.0,689.0,688.0,682.0,668.0,639.0,587.0,544.0,507.0,476.0,442.0,406.0,388.0,364.0,343.0,323.0,312.0,299.0,289.0,276.0,267.0,259.0,254.0,245.0,236.0,227.0,222.0,216.0,212.0,204.0,198.0,196.0,202.0,183.0,174.0,,
Greece,GRC,"Maternal mortality ratio (modeled estimate, per 100,000 live births)",SH.STA.MMRT,,,,,,,,,,,,,,,,,,,,,,,,,,9.0,8.0,9.0,7.0,7.0,7.0,6.0,6.0,5.0,5.0,5.0,4.0,4.0,4.0,4.0,4.0,3.0,3.0,3.0,3.0,3.0,3.0,3.0,3.0,3.0,4.0,4.0,4.0,4.0,4.0,5.0,5.0,5.0,5.0,5.0,7.0,9.0,10.0,5.0,,
Grenada,GRD,"Maternal mortality ratio (modeled estimate, per 100,000 live births)",SH.STA.MMRT,,,,,,,,,,,,,,,,,,,,,,,,,,71.0,68.0,68.0,61.0,64.0,61.0,59.0,56.0,53.0,55.0,54.0,51.0,50.0,50.0,48.0,46.0,45.0,42.0,42.0,48.0,40.0,39.0,40.0,41.0,41.0,43.0,44.0,44.0,44.0,45.0,46.0,44.0,45.0,46.0,48.0,51.0,52.0,50.0,48.0,,
Greenland,GRL,"Maternal mortality ratio (modeled estimate, per 100,000 live births)",SH.STA.MMRT,,,,,,,,,,,,,,,,,,,,,,,,,,,,,,,,,,,,,,,,,,,,,,,,,,,,,,,,,,,,,,,,,,
Guatemala,GTM,"Maternal mortality ratio (modeled estimate, per 100,000 live births)",SH.STA.MMRT,,,,,,,,,,,,,,,,,,,,,,,,,,301.0,286.0,277.0,273.0,271.0,270.0,268.0,269.0,262.0,244.0,229.0,213.0,198.0,185.0,174.0,166.0,162.0,153.0,150.0,148.0,153.0,142.0,135.0,133.0,130.0,127.0,120.0,115.0,111.0,111.0,112.0,110.0,107.0,107.0,106.0,102.0,125.0,97.0,94.0,,
Guam,GUM,"Maternal mortality ratio (modeled estimate, per 100,000 live births)",SH.STA.MMRT,,,,,,,,,,,,,,,,,,,,,,,,,,,,,,,,,,,,,,,,,,,,,,,,,,,,,,,,,,,,,,,,,,
Guyana,GUY,"Maternal mortality ratio (modeled estimate, per 100,000 live births)",SH.STA.MMRT,,,,,,,,,,,,,,,,,,,,,,,,,,241.0,238.0,234.0,230.0,227.0,224.0,219.0,208.0,205.0,204.0,207.0,202.0,195.0,184.0,178.0,171.0,163.0,164.0,164.0,162.0,166.0,167.0,158.0,153.0,146.0,141.0,135.0,133.0,128.0,121.0,117.0,114.0,110.0,105.0,107.0,109.0,189.0,83.0,75.0,,
High income,HIC,"Maternal mortality ratio (modeled estimate, per 100,000 live births)",SH.STA.MMRT,,,,,,,,,,,,,,,,,,,,,,,,,,32.0,30.0,29.0,27.0,26.0,24.0,23.0,22.0,22.0,23.0,22.0,20.0,18.0,17.0,17.0,16.0,16.0,16.0,15.0,15.0,14.0,13.0,13.0,13.0,13.0,12.0,12.0,12.0,11.0,11.0,11.0,11.0,11.0,11.0,11.0,14.0,18.0,13.0,10.0,,
"Hong Kong SAR, China",HKG,"Maternal mortality ratio (modeled estimate, per 100,000 live births)",SH.STA.MMRT,,,,,,,,,,,,,,,,,,,,,,,,,,,,,,,,,,,,,,,,,,,,,,,,,,,,,,,,,,,,,,,,,,
Honduras,HND,"Maternal mortality ratio (modeled estimate, per 100,000 live births)",SH.STA.MMRT,,,,,,,,,,,,,,,,,,,,,,,,,,199.0,191.0,183.0,177.0,169.0,159.0,148.0,138.0,128.0,119.0,109.0,101.0,96.0,91.0,86.0,82.0,78.0,75.0,75.0,74.0,73.0,72.0,72.0,72.0,71.0,72.0,68.0,64.0,62.0,60.0,57.0,55.0,53.0,52.0,51.0,57.0,88.0,48.0,47.0,,
Heavily indebted poor countries (HIPC),HPC,"Maternal mortality ratio (modeled estimate, per 100,000 live births)",SH.STA.MMRT,,,,,,,,,,,,,,,,,,,,,,,,,,1070.0,1030.0,1010.0,982.0,963.0,953.0,927.0,906.0,884.0,924.0,820.0,799.0,774.0,758.0,727.0,701.0,674.0,651.0,629.0,608.0,597.0,591.0,588.0,583.0,572.0,558.0,536.0,514.0,497.0,477.0,459.0,435.0,414.0,394.0,380.0,362.0,378.0,329.0,321.0,,
Croatia,HRV,"Maternal mortality ratio (modeled estimate, per 100,000 live births)",SH.STA.MMRT,,,,,,,,,,,,,,,,,,,,,,,,,,10.0,10.0,10.0,10.0,9.0,10.0,10.0,10.0,9.0,9.0,9.0,9.0,9.0,8.0,8.0,8.0,7.0,7.0,8.0,7.0,7.0,6.0,6.0,6.0,6.0,6.0,5.0,5.0,5.0,4.0,4.0,4.0,4.0,3.0,4.0,5.0,12.0,6.0,3.0,,
Haiti,HTI,"Maternal mortality ratio (modeled estimate, per 100,000 live births)",SH.STA.MMRT,,,,,,,,,,,,,,,,,,,,,,,,,,991.0,975.0,952.0,929.0,900.0,874.0,831.0,793.0,747.0,710.0,638.0,588.0,551.0,511.0,464.0,440.0,428.0,410.0,385.0,427.0,355.0,368.0,383.0,394.0,397.0,398.0,409.0,385.0,380.0,373.0,364.0,356.0,351.0,358.0,351.0,346.0,385.0,331.0,328.0,,
Hungary,HUN,"Maternal mortality ratio (modeled estimate, per 100,000 live births)",SH.STA.MMRT,,,,,,,,,,,,,,,,,,,,,,,,,,26.0,26.0,24.0,24.0,25.0,25.0,24.0,24.0,23.0,21.0,19.0,17.0,16.0,15.0,15.0,14.0,13.0,13.0,13.0,12.0,13.0,12.0,13.0,13.0,13.0,13.0,14.0,13.0,13.0,13.0,13.0,13.0,14.0,14.0,13.0,18.0,30.0,14.0,12.0,,
IBRD only,IBD,"Maternal mortality ratio (modeled estimate, per 100,000 live births)",SH.STA.MMRT,,,,,,,,,,,,,,,,,,,,,,,,,,323.0,304.0,287.0,277.0,265.0,254.0,254.0,248.0,242.0,237.0,231.0,226.0,219.0,213.0,207.0,198.0,194.0,184.0,176.0,168.0,158.0,149.0,140.0,132.0,123.0,115.0,108.0,100.0,94.0,88.0,84.0,80.0,75.0,75.0,73.0,79.0,113.0,74.0,67.0,,
IDA & IBRD total,IBT,"Maternal mortality ratio (modeled estimate, per 100,000 live births)",SH.STA.MMRT,,,,,,,,,,,,,,,,,,,,,,,,,,494.0,470.0,461.0,446.0,433.0,423.0,427.0,428.0,421.0,413.0,402.0,396.0,388.0,390.0,368.0,355.0,347.0,336.0,325.0,314.0,305.0,298.0,290.0,284.0,278.0,272.0,264.0,254.0,250.0,245.0,241.0,232.0,225.0,221.0,216.0,219.0,247.0,209.0,202.0,,
IDA total,IDA,"Maternal mortality ratio (modeled estimate, per 100,000 live births)",SH.STA.MMRT,,,,,,,,,,,,,,,,,,,,,,,,,,946.0,914.0,926.0,886.0,864.0,850.0,835.0,833.0,813.0,788.0,753.0,738.0,718.0,729.0,668.0,643.0,623.0,604.0,583.0,565.0,554.0,545.0,539.0,535.0,530.0,522.0,512.0,502.0,493.0,487.0,477.0,461.0,443.0,421.0,405.0,390.0,404.0,361.0,352.0,,
IDA blend,IDB,"Maternal mortality ratio (modeled estimate, per 100,000 live births)",SH.STA.MMRT,,,,,,,,,,,,,,,,,,,,,,,,,,824.0,801.0,785.0,760.0,742.0,725.0,718.0,707.0,695.0,696.0,695.0,692.0,689.0,686.0,672.0,656.0,651.0,641.0,627.0,615.0,607.0,601.0,593.0,594.0,595.0,596.0,599.0,603.0,605.0,603.0,602.0,590.0,576.0,561.0,543.0,531.0,534.0,500.0,487.0,,
Indonesia,IDN,"Maternal mortality ratio (modeled estimate, per 100,000 live births)",SH.STA.MMRT,,,,,,,,,,,,,,,,,,,,,,,,,,474.0,455.0,437.0,431.0,402.0,392.0,378.0,359.0,327.0,333.0,334.0,331.0,323.0,317.0,321.0,311.0,300.0,283.0,279.0,283.0,268.0,264.0,257.0,251.0,246.0,242.0,230.0,220.0,208.0,198.0,190.0,182.0,173.0,168.0,161.0,184.0,226.0,148.0,140.0,,
IDA only,IDX,"Maternal mortality ratio (modeled estimate, per 100,000 live births)",SH.STA.MMRT,,,,,,,,,,,,,,,,,,,,,,,,,,1010.0,974.0,1000.0,952.0,930.0,917.0,899.0,901.0,877.0,837.0,785.0,763.0,734.0,752.0,665.0,636.0,608.0,584.0,559.0,538.0,525.0,514.0,508.0,501.0,491.0,479.0,461.0,442.0,428.0,419.0,406.0,388.0,370.0,344.0,331.0,315.0,334.0,288.0,280.0,,
Isle of Man,IMN,"Maternal mortality ratio (modeled estimate, per 100,000 live births)",SH.STA.MMRT,,,,,,,,,,,,,,,,,,,,,,,,,,,,,,,,,,,,,,,,,,,,,,,,,,,,,,,,,,,,,,,,,,
India,IND,"Maternal mortality ratio (modeled estimate, per 100,000 live births)",SH.STA.MMRT,,,,,,,,,,,,,,,,,,,,,,,,,,658.0,624.0,592.0,562.0,538.0,516.0,498.0,482.0,467.0,451.0,437.0,422.0,407.0,393.0,378.0,362.0,349.0,330.0,313.0,296.0,277.0,258.0,240.0,223.0,205.0,188.0,173.0,160.0,148.0,137.0,129.0,121.0,113.0,107.0,101.0,101.0,155.0,90.0,80.0,,
Not classified,INX,"Maternal mortality ratio (modeled estimate, per 100,000 live births)",SH.STA.MMRT,,,,,,,,,,,,,,,,,,,,,,,,,,,,,,,,,,,,,,,,,,,,,,,,,,,,,,,,,,,,,,,,,,
Ireland,IRL,"Maternal mortality ratio (modeled estimate, per 100,000 live births)",SH.STA.MMRT,,,,,,,,,,,,,,,,,,,,,,,,,,11.0,11.0,10.0,11.0,10.0,11.0,10.0,10.0,9.0,9.0,9.0,8.0,8.0,8.0,7.0,8.0,7.0,7.0,6.0,6.0,6.0,6.0,6.0,6.0,6.0,6.0,6.0,6.0,5.0,5.0,5.0,4.0,4.0,5.0,4.0,6.0,6.0,7.0,4.0,,
"Iran, Islamic Rep.",IRN,"Maternal mortality ratio (modeled estimate, per 100,000 live births)",SH.STA.MMRT,,,,,,,,,,,,,,,,,,,,,,,,,,160.0,148.0,136.0,126.0,113.0,107.0,94.0,86.0,80.0,71.0,65.0,59.0,55.0,50.0,46.0,43.0,40.0,38.0,37.0,34.0,33.0,32.0,31.0,30.0,28.0,27.0,26.0,25.0,24.0,23.0,22.0,21.0,20.0,19.0,18.0,34.0,51.0,21.0,16.0,,
Iraq,IRQ,"Maternal mortality ratio (modeled estimate, per 100,000 live births)",SH.STA.MMRT,,,,,,,,,,,,,,,,,,,,,,,,,,152.0,147.0,145.0,174.0,190.0,195.0,157.0,126.0,132.0,142.0,152.0,158.0,165.0,163.0,156.0,146.0,137.0,128.0,125.0,122.0,118.0,120.0,117.0,109.0,107.0,107.0,105.0,100.0,96.0,90.0,86.0,87.0,81.0,76.0,74.0,63.0,77.0,59.0,66.0,,
Iceland,ISL,"Maternal mortality ratio (modeled estimate, per 100,000 live births)",SH.STA.MMRT,,,,,,,,,,,,,,,,,,,,,,,,,,11.0,15.0,13.0,11.0,14.0,13.0,11.0,12.0,10.0,9.0,13.0,7.0,8.0,8.0,7.0,7.0,6.0,7.0,6.0,6.0,5.0,5.0,5.0,4.0,5.0,5.0,4.0,4.0,4.0,4.0,4.0,3.0,3.0,4.0,4.0,12.0,5.0,5.0,3.0,,
Israel,ISR,"Maternal mortality ratio (modeled estimate, per 100,000 live births)",SH.STA.MMRT,,,,,,,,,,,,,,,,,,,,,,,,,,36.0,36.0,30.0,31.0,30.0,29.0,28.0,27.0,25.0,24.0,22.0,20.0,17.0,14.0,11.0,9.0,7.0,7.0,5.0,5.0,4.0,4.0,4.0,4.0,4.0,3.0,3.0,3.0,3.0,3.0,3.0,3.0,3.0,3.0,3.0,3.0,3.0,3.0,2.0,,
Italy,ITA,"Maternal mortality ratio (modeled estimate, per 100,000 live births)",SH.STA.MMRT,,,,,,,,,,,,,,,,,,,,,,,,,,22.0,22.0,21.0,20.0,19.0,18.0,18.0,17.0,16.0,15.0,15.0,14.0,13.0,12.0,11.0,11.0,10.0,10.0,8.0,8.0,8.0,7.0,7.0,7.0,8.0,8.0,8.0,8.0,8.0,8.0,8.0,8.0,8.0,7.0,7.0,8.0,7.0,10.0,6.0,,
Jamaica,JAM,"Maternal mortality ratio (modeled estimate, per 100,000 live births)",SH.STA.MMRT,,,,,,,,,,,,,,,,,,,,,,,,,,45.0,45.0,46.0,48.0,50.0,54.0,58.0,62.0,67.0,71.0,74.0,77.0,79.0,80.0,81.0,82.0,82.0,81.0,79.0,77.0,81.0,89.0,89.0,91.0,93.0,94.0,89.0,89.0,94.0,100.0,100.0,102.0,106.0,112.0,120.0,126.0,186.0,138.0,130.0,,
Jordan,JOR,"Maternal mortality ratio (modeled estimate, per 100,000 live births)",SH.STA.MMRT,,,,,,,,,,,,,,,,,,,,,,,,,,100.0,93.0,87.0,82.0,79.0,72.0,74.0,72.0,71.0,70.0,70.0,69.0,67.0,65.0,63.0,61.0,60.0,58.0,56.0,54.0,53.0,49.0,50.0,50.0,49.0,48.0,47.0,47.0,44.0,43.0,41.0,40.0,38.0,36.0,35.0,41.0,79.0,35.0,31.0,,
Japan,JPN,"Maternal mortality ratio (modeled estimate, per 100,000 live births)",SH.STA.MMRT,,,,,,,,,,,,,,,,,,,,,,,,,,19.0,18.0,17.0,16.0,15.0,14.0,13.0,13.0,12.0,11.0,11.0,11.0,10.0,10.0,9.0,9.0,8.0,8.0,8.0,7.0,7.0,7.0,6.0,6.0,6.0,6.0,6.0,6.0,5.0,5.0,5.0,5.0,5.0,5.0,5.0,4.0,4.0,5.0,3.0,,
Kazakhstan,KAZ,"Maternal mortality ratio (modeled estimate, per 100,000 live births)",SH.STA.MMRT,,,,,,,,,,,,,,,,,,,,,,,,,,68.0,67.0,66.0,65.0,64.0,64.0,64.0,65.0,67.0,70.0,72.0,72.0,71.0,68.0,63.0,58.0,53.0,48.0,45.0,41.0,38.0,35.0,32.0,28.0,25.0,22.0,19.0,17.0,15.0,14.0,13.0,12.0,12.0,11.0,11.0,18.0,23.0,14.0,10.0,,
Kenya,KEN,"Maternal mortality ratio (modeled estimate, per 100,000 live births)",SH.STA.MMRT,,,,,,,,,,,,,,,,,,,,,,,,,,1375.0,1059.0,960.0,756.0,663.0,586.0,493.0,419.0,363.0,342.0,308.0,275.0,253.0,250.0,217.0,206.0,188.0,182.0,177.0,177.0,178.0,188.0,198.0,197.0,208.0,210.0,209.0,214.0,206.0,203.0,203.0,196.0,186.0,183.0,176.0,184.0,183.0,155.0,149.0,,
Kyrgyz Republic,KGZ,"Maternal mortality ratio (modeled estimate, per 100,000 live births)",SH.STA.MMRT,,,,,,,,,,,,,,,,,,,,,,,,,,81.0,76.0,74.0,73.0,71.0,72.0,71.0,74.0,78.0,88.0,92.0,91.0,85.0,79.0,75.0,72.0,72.0,74.0,75.0,74.0,74.0,76.0,75.0,73.0,71.0,71.0,70.0,67.0,64.0,62.0,58.0,53.0,49.0,49.0,47.0,55.0,70.0,44.0,42.0,,
Cambodia,KHM,"Maternal mortality ratio (modeled estimate, per 100,000 live births)",SH.STA.MMRT,,,,,,,,,,,,,,,,,,,,,,,,,,874.0,824.0,772.0,742.0,702.0,681.0,681.0,667.0,680.0,665.0,642.0,622.0,580.0,557.0,517.0,476.0,437.0,399.0,366.0,344.0,323.0,303.0,290.0,272.0,251.0,234.0,214.0,197.0,182.0,172.0,166.0,159.0,155.0,151.0,149.0,164.0,189.0,159.0,137.0,,
Kiribati,KIR,"Maternal mortality ratio (modeled estimate, per 100,000 live births)",SH.STA.MMRT,,,,,,,,,,,,,,,,,,,,,,,,,,246.0,232.0,231.0,220.0,212.0,199.0,188.0,175.0,162.0,150.0,148.0,141.0,132.0,126.0,121.0,119.0,113.0,109.0,105.0,106.0,104.0,102.0,101.0,100.0,99.0,102.0,98.0,98.0,93.0,91.0,90.0,88.0,90.0,87.0,89.0,89.0,122.0,86.0,80.0,,
St. Kitts and Nevis,KNA,"Maternal mortality ratio (modeled estimate, per 100,000 live births)",SH.STA.MMRT,,,,,,,,,,,,,,,,,,,,,,,,,,290.0,285.0,302.0,308.0,316.0,302.0,280.0,255.0,225.0,205.0,204.0,194.0,194.0,193.0,164.0,143.0,131.0,115.0,111.0,104.0,102.0,99.0,96.0,95.0,93.0,92.0,90.0,88.0,82.0,82.0,76.0,75.0,74.0,78.0,74.0,80.0,111.0,99.0,74.0,,
"Korea, Rep.",KOR,"Maternal mortality ratio (modeled estimate, per 100,000 live births)",SH.STA.MMRT,,,,,,,,,,,,,,,,,,,,,,,,,,38.0,35.0,34.0,31.0,29.0,28.0,28.0,26.0,24.0,23.0,22.0,20.0,19.0,18.0,17.0,15.0,14.0,13.0,13.0,12.0,11.0,10.0,10.0,9.0,9.0,8.0,8.0,8.0,7.0,7.0,6.0,6.0,6.0,5.0,5.0,12.0,5.0,7.0,4.0,,
Kuwait,KWT,"Maternal mortality ratio (modeled estimate, per 100,000 live births)",SH.STA.MMRT,,,,,,,,,,,,,,,,,,,,,,,,,,11.0,11.0,10.0,10.0,10.0,16.0,8.0,10.0,10.0,10.0,10.0,11.0,11.0,11.0,11.0,11.0,11.0,11.0,11.0,11.0,10.0,10.0,10.0,9.0,9.0,9.0,8.0,8.0,8.0,8.0,8.0,8.0,8.0,8.0,7.0,33.0,75.0,8.0,8.0,,
Latin America & Caribbean (excluding high income),LAC,"Maternal mortality ratio (modeled estimate, per 100,000 live births)",SH.STA.MMRT,,,,,,,,,,,,,,,,,,,,,,,,,,189.0,180.0,172.0,168.0,160.0,154.0,147.0,141.0,135.0,130.0,123.0,117.0,112.0,106.0,99.0,94.0,92.0,89.0,88.0,89.0,87.0,86.0,85.0,85.0,83.0,81.0,77.0,74.0,73.0,73.0,72.0,72.0,70.0,71.0,71.0,88.0,132.0,86.0,69.0,,
Lao PDR,LAO,"Maternal mortality ratio (modeled estimate, per 100,000 live births)",SH.STA.MMRT,,,,,,,,,,,,,,,,,,,,,,,,,,994.0,963.0,930.0,898.0,856.0,834.0,798.0,781.0,751.0,741.0,709.0,682.0,660.0,647.0,638.0,609.0,574.0,550.0,524.0,492.0,458.0,432.0,402.0,374.0,336.0,305.0,267.0,241.0,215.0,193.0,180.0,165.0,154.0,145.0,137.0,132.0,139.0,120.0,112.0,,
Lebanon,LBN,"Maternal mortality ratio (modeled estimate, per 100,000 live births)",SH.STA.MMRT,,,,,,,,,,,,,,,,,,,,,,,,,,59.0,58.0,65.0,65.0,49.0,48.0,38.0,36.0,33.0,30.0,29.0,28.0,27.0,26.0,25.0,24.0,22.0,21.0,19.0,18.0,17.0,17.0,16.0,15.0,15.0,15.0,15.0,14.0,13.0,14.0,15.0,15.0,15.0,15.0,15.0,27.0,54.0,15.0,15.0,,
Liberia,LBR,"Maternal mortality ratio (modeled estimate, per 100,000 live births)",SH.STA.MMRT,,,,,,,,,,,,,,,,,,,,,,,,,,1749.0,1678.0,1655.0,1647.0,1633.0,2146.0,1627.0,1643.0,1709.0,1811.0,1530.0,1438.0,1043.0,962.0,852.0,786.0,720.0,700.0,759.0,645.0,619.0,647.0,659.0,663.0,674.0,712.0,726.0,728.0,725.0,801.0,784.0,690.0,703.0,707.0,689.0,664.0,667.0,634.0,628.0,,
Libya,LBY,"Maternal mortality ratio (modeled estimate, per 100,000 live births)",SH.STA.MMRT,,,,,,,,,,,,,,,,,,,,,,,,,,86.0,82.0,77.0,74.0,70.0,67.0,64.0,61.0,60.0,59.0,59.0,61.0,64.0,67.0,69.0,71.0,71.0,69.0,68.0,67.0,66.0,66.0,67.0,68.0,70.0,71.0,81.0,74.0,75.0,77.0,76.0,74.0,69.0,66.0,65.0,71.0,98.0,60.0,59.0,,
St. Lucia,LCA,"Maternal mortality ratio (modeled estimate, per 100,000 live births)",SH.STA.MMRT,,,,,,,,,,,,,,,,,,,,,,,,,,56.0,57.0,69.0,71.0,66.0,72.0,71.0,58.0,58.0,60.0,60.0,72.0,89.0,89.0,88.0,83.0,70.0,62.0,56.0,54.0,55.0,53.0,55.0,55.0,51.0,56.0,56.0,55.0,53.0,49.0,46.0,46.0,43.0,41.0,43.0,43.0,94.0,48.0,44.0,,
Latin America & Caribbean,LCN,"Maternal mortality ratio (modeled estimate, per 100,000 live births)",SH.STA.MMRT,,,,,,,,,,,,,,,,,,,,,,,,,,183.0,173.0,165.0,160.0,152.0,146.0,141.0,135.0,129.0,124.0,118.0,113.0,108.0,102.0,97.0,92.0,90.0,87.0,87.0,87.0,85.0,85.0,84.0,84.0,83.0,81.0,77.0,75.0,74.0,74.0,74.0,75.0,76.0,77.0,76.0,94.0,140.0,93.0,77.0,,
Least developed countries: UN classification,LDC,"Maternal mortality ratio (modeled estimate, per 100,000 live births)",SH.STA.MMRT,,,,,,,,,,,,,,,,,,,,,,,,,,1070.0,1040.0,1070.0,1020.0,993.0,979.0,959.0,962.0,937.0,892.0,836.0,811.0,781.0,799.0,708.0,675.0,646.0,621.0,592.0,570.0,555.0,543.0,537.0,529.0,517.0,503.0,484.0,463.0,447.0,436.0,421.0,402.0,382.0,356.0,342.0,325.0,344.0,297.0,289.0,,
Low income,LIC,"Maternal mortality ratio (modeled estimate, per 100,000 live births)",SH.STA.MMRT,,,,,,,,,,,,,,,,,,,,,,,,,,1163.0,1111.0,1169.0,1091.0,1059.0,1048.0,1019.0,1051.0,1026.0,974.0,904.0,885.0,855.0,903.0,776.0,747.0,719.0,696.0,669.0,647.0,636.0,623.0,609.0,592.0,581.0,566.0,547.0,525.0,508.0,504.0,491.0,472.0,454.0,421.0,408.0,396.0,418.0,364.0,346.0,,
Liechtenstein,LIE,"Maternal mortality ratio (modeled estimate, per 100,000 live births)",SH.STA.MMRT,,,,,,,,,,,,,,,,,,,,,,,,,,,,,,,,,,,,,,,,,,,,,,,,,,,,,,,,,,,,,,,,,,
Sri Lanka,LKA,"Maternal mortality ratio (modeled estimate, per 100,000 live births)",SH.STA.MMRT,,,,,,,,,,,,,,,,,,,,,,,,,,68.0,66.0,64.0,62.0,61.0,59.0,57.0,54.0,51.0,49.0,48.0,47.0,45.0,43.0,41.0,39.0,37.0,36.0,35.0,37.0,32.0,32.0,31.0,30.0,28.0,26.0,25.0,24.0,23.0,23.0,22.0,22.0,21.0,21.0,20.0,23.0,34.0,22.0,18.0,,
Lower middle income,LMC,"Maternal mortality ratio (modeled estimate, per 100,000 live births)",SH.STA.MMRT,,,,,,,,,,,,,,,,,,,,,,,,,,686.0,657.0,634.0,610.0,590.0,572.0,560.0,542.0,528.0,515.0,502.0,490.0,478.0,466.0,450.0,433.0,421.0,405.0,389.0,375.0,362.0,351.0,343.0,338.0,330.0,322.0,315.0,308.0,304.0,298.0,291.0,283.0,274.0,266.0,257.0,251.0,289.0,238.0,235.0,,
Low & middle income,LMY,"Maternal mortality ratio (modeled estimate, per 100,000 live births)",SH.STA.MMRT,,,,,,,,,,,,,,,,,,,,,,,,,,494.0,469.0,459.0,443.0,428.0,415.0,420.0,420.0,413.0,405.0,393.0,388.0,381.0,384.0,361.0,347.0,340.0,329.0,318.0,308.0,298.0,292.0,285.0,280.0,274.0,268.0,261.0,252.0,249.0,245.0,242.0,233.0,227.0,222.0,218.0,221.0,251.0,212.0,205.0,,
Lesotho,LSO,"Maternal mortality ratio (modeled estimate, per 100,000 live births)",SH.STA.MMRT,,,,,,,,,,,,,,,,,,,,,,,,,,711.0,680.0,686.0,680.0,680.0,665.0,641.0,601.0,542.0,423.0,357.0,319.0,312.0,332.0,371.0,413.0,465.0,484.0,508.0,499.0,549.0,696.0,891.0,1205.0,1387.0,1311.0,1210.0,1000.0,855.0,707.0,594.0,518.0,468.0,491.0,467.0,529.0,577.0,477.0,478.0,,
Late-demographic dividend,LTE,"Maternal mortality ratio (modeled estimate, per 100,000 live births)",SH.STA.MMRT,,,,,,,,,,,,,,,,,,,,,,,,,,136.0,127.0,121.0,114.0,109.0,106.0,98.0,93.0,89.0,86.0,82.0,77.0,73.0,69.0,66.0,63.0,60.0,57.0,54.0,52.0,50.0,48.0,46.0,45.0,42.0,41.0,39.0,37.0,36.0,35.0,34.0,32.0,31.0,31.0,30.0,35.0,46.0,39.0,30.0,,
Lithuania,LTU,"Maternal mortality ratio (modeled estimate, per 100,000 live births)",SH.STA.MMRT,,,,,,,,,,,,,,,,,,,,,,,,,,35.0,30.0,28.0,28.0,31.0,29.0,29.0,28.0,29.0,31.0,28.0,25.0,21.0,19.0,18.0,16.0,16.0,14.0,14.0,12.0,13.0,14.0,14.0,13.0,11.0,10.0,10.0,10.0,10.0,9.0,10.0,9.0,10.0,9.0,9.0,8.0,9.0,9.0,8.0,,
Luxembourg,LUX,"Maternal mortality ratio (modeled estimate, per 100,000 live births)",SH.STA.MMRT,,,,,,,,,,,,,,,,,,,,,,,,,,24.0,24.0,23.0,24.0,21.0,24.0,25.0,26.0,20.0,20.0,22.0,23.0,22.0,18.0,21.0,18.0,19.0,17.0,15.0,17.0,17.0,16.0,14.0,13.0,15.0,17.0,13.0,13.0,15.0,13.0,13.0,13.0,15.0,9.0,12.0,6.0,6.0,6.0,11.0,,
Latvia,LVA,"Maternal mortality ratio (modeled estimate, per 100,000 live births)",SH.STA.MMRT,,,,,,,,,,,,,,,,,,,,,,,,,,51.0,43.0,44.0,42.0,46.0,47.0,46.0,48.0,57.0,65.0,59.0,45.0,41.0,40.0,40.0,34.0,32.0,29.0,30.0,28.0,27.0,28.0,27.0,25.0,24.0,22.0,22.0,20.0,24.0,22.0,22.0,23.0,23.0,23.0,22.0,21.0,42.0,29.0,19.0,,
"Macao SAR, China",MAC,"Maternal mortality ratio (modeled estimate, per 100,000 live births)",SH.STA.MMRT,,,,,,,,,,,,,,,,,,,,,,,,,,,,,,,,,,,,,,,,,,,,,,,,,,,,,,,,,,,,,,,,,,
St. Martin (French part),MAF,"Maternal mortality ratio (modeled estimate, per 100,000 live births)",SH.STA.MMRT,,,,,,,,,,,,,,,,,,,,,,,,,,,,,,,,,,,,,,,,,,,,,,,,,,,,,,,,,,,,,,,,,,
Morocco,MAR,"Maternal mortality ratio (modeled estimate, per 100,000 live births)",SH.STA.MMRT,,,,,,,,,,,,,,,,,,,,,,,,,,752.0,697.0,650.0,602.0,559.0,522.0,490.0,458.0,428.0,401.0,378.0,354.0,333.0,313.0,291.0,271.0,254.0,238.0,224.0,213.0,196.0,182.0,169.0,158.0,148.0,140.0,130.0,121.0,113.0,106.0,100.0,94.0,88.0,83.0,79.0,81.0,92.0,71.0,70.0,,
Monaco,MCO,"Maternal mortality ratio (modeled estimate, per 100,000 live births)",SH.STA.MMRT,,,,,,,,,,,,,,,,,,,,,,,,,,29.0,17.0,17.0,16.0,16.0,16.0,15.0,15.0,10.0,10.0,10.0,10.0,10.0,10.0,10.0,10.0,10.0,10.0,5.0,5.0,5.0,5.0,10.0,11.0,11.0,11.0,11.0,5.0,5.0,5.0,5.0,6.0,5.0,6.0,6.0,24.0,5.0,5.0,5.0,,
Moldova,MDA,"Maternal mortality ratio (modeled estimate, per 100,000 live births)",SH.STA.MMRT,,,,,,,,,,,,,,,,,,,,,,,,,,62.0,60.0,56.0,53.0,52.0,53.0,53.0,55.0,55.0,56.0,54.0,53.0,52.0,48.0,43.0,38.0,35.0,31.0,29.0,28.0,26.0,25.0,24.0,23.0,22.0,20.0,19.0,19.0,19.0,20.0,20.0,21.0,20.0,20.0,21.0,29.0,24.0,19.0,19.0,,
Madagascar,MDG,"Maternal mortality ratio (modeled estimate, per 100,000 live births)",SH.STA.MMRT,,,,,,,,,,,,,,,,,,,,,,,,,,751.0,730.0,702.0,687.0,684.0,692.0,691.0,699.0,688.0,688.0,684.0,680.0,676.0,663.0,647.0,638.0,611.0,593.0,571.0,555.0,540.0,528.0,522.0,510.0,507.0,500.0,492.0,487.0,481.0,477.0,474.0,470.0,469.0,466.0,462.0,447.0,467.0,439.0,445.0,,
Maldives,MDV,"Maternal mortality ratio (modeled estimate, per 100,000 live births)",SH.STA.MMRT,,,,,,,,,,,,,,,,,,,,,,,,,,552.0,508.0,471.0,424.0,381.0,346.0,310.0,281.0,251.0,222.0,191.0,167.0,149.0,136.0,111.0,94.0,81.0,76.0,70.0,65.0,54.0,52.0,51.0,53.0,52.0,49.0,48.0,47.0,47.0,43.0,41.0,41.0,41.0,40.0,39.0,48.0,60.0,34.0,32.0,,
"Middle East, North Africa, Afghanistan & Pakistan",MEA,"Maternal mortality ratio (modeled estimate, per 100,000 live births)",SH.STA.MMRT,,,,,,,,,,,,,,,,,,,,,,,,,,229.0,215.0,200.0,190.0,179.0,171.0,159.0,150.0,144.0,140.0,134.0,128.0,122.0,115.0,109.0,103.0,97.0,91.0,87.0,83.0,78.0,75.0,71.0,67.0,65.0,63.0,61.0,59.0,57.0,55.0,54.0,53.0,52.0,51.0,51.0,60.0,74.0,50.0,47.0,,
Mexico,MEX,"Maternal mortality ratio (modeled estimate, per 100,000 live births)",SH.STA.MMRT,,,,,,,,,,,,,,,,,,,,,,,,,,107.0,100.0,93.0,88.0,85.0,81.0,77.0,73.0,71.0,69.0,66.0,64.0,62.0,60.0,58.0,56.0,55.0,55.0,54.0,53.0,52.0,51.0,50.0,51.0,51.0,50.0,47.0,46.0,45.0,44.0,43.0,43.0,44.0,44.0,43.0,61.0,104.0,45.0,42.0,,
Marshall Islands,MHL,"Maternal mortality ratio (modeled estimate, per 100,000 live births)",SH.STA.MMRT,,,,,,,,,,,,,,,,,,,,,,,,,,254.0,274.0,282.0,276.0,299.0,311.0,297.0,322.0,320.0,303.0,303.0,292.0,274.0,259.0,250.0,251.0,231.0,223.0,221.0,238.0,234.0,233.0,229.0,226.0,224.0,212.0,209.0,207.0,201.0,199.0,184.0,183.0,179.0,167.0,168.0,178.0,206.0,174.0,155.0,,
Middle income,MIC,"Maternal mortality ratio (modeled estimate, per 100,000 live births)",SH.STA.MMRT,,,,,,,,,,,,,,,,,,,,,,,,,,438.0,416.0,399.0,388.0,374.0,362.0,365.0,358.0,350.0,345.0,339.0,333.0,326.0,320.0,312.0,300.0,295.0,284.0,274.0,265.0,255.0,248.0,241.0,237.0,231.0,225.0,220.0,212.0,209.0,203.0,201.0,193.0,186.0,186.0,181.0,184.0,215.0,178.0,174.0,,
North Macedonia,MKD,"Maternal mortality ratio (modeled estimate, per 100,000 live births)",SH.STA.MMRT,,,,,,,,,,,,,,,,,,,,,,,,,,17.0,16.0,15.0,16.0,14.0,16.0,15.0,14.0,14.0,13.0,13.0,14.0,13.0,13.0,12.0,11.0,9.0,10.0,8.0,8.0,7.0,7.0,7.0,6.0,6.0,5.0,5.0,5.0,5.0,4.0,4.0,4.0,4.0,3.0,3.0,7.0,12.0,3.0,3.0,,
Mali,MLI,"Maternal mortality ratio (modeled estimate, per 100,000 live births)",SH.STA.MMRT,,,,,,,,,,,,,,,,,,,,,,,,,,1217.0,1184.0,1142.0,1128.0,1106.0,1087.0,1063.0,1024.0,988.0,935.0,895.0,875.0,820.0,781.0,749.0,741.0,694.0,649.0,616.0,592.0,577.0,568.0,574.0,573.0,565.0,558.0,553.0,549.0,525.0,507.0,490.0,472.0,453.0,434.0,416.0,405.0,415.0,381.0,367.0,,
Malta,MLT,"Maternal mortality ratio (modeled estimate, per 100,000 live births)",SH.STA.MMRT,,,,,,,,,,,,,,,,,,,,,,,,,,21.0,19.0,19.0,17.0,17.0,17.0,17.0,17.0,16.0,16.0,15.0,16.0,15.0,14.0,15.0,13.0,12.0,13.0,13.0,11.0,11.0,12.0,10.0,10.0,11.0,9.0,11.0,9.0,7.0,8.0,7.0,10.0,7.0,9.0,8.0,10.0,10.0,10.0,8.0,,
Myanmar,MMR,"Maternal mortality ratio (modeled estimate, per 100,000 live births)",SH.STA.MMRT,,,,,,,,,,,,,,,,,,,,,,,,,,674.0,652.0,631.0,616.0,603.0,586.0,566.0,542.0,522.0,498.0,472.0,442.0,416.0,398.0,388.0,375.0,361.0,347.0,335.0,324.0,312.0,301.0,290.0,286.0,268.0,259.0,249.0,243.0,237.0,228.0,222.0,215.0,209.0,201.0,195.0,198.0,231.0,193.0,185.0,,
"Middle East, North Africa, Afghanistan & Pakistan (excluding high income)",MNA,"Maternal mortality ratio (modeled estimate, per 100,000 live births)",SH.STA.MMRT,,,,,,,,,,,,,,,,,,,,,,,,,,394.0,370.0,362.0,345.0,339.0,336.0,334.0,335.0,342.0,355.0,363.0,362.0,359.0,355.0,338.0,330.0,311.0,296.0,283.0,267.0,251.0,234.0,221.0,207.0,201.0,195.0,186.0,180.0,174.0,168.0,163.0,158.0,151.0,149.0,146.0,156.0,171.0,137.0,131.0,,
Montenegro,MNE,"Maternal mortality ratio (modeled estimate, per 100,000 live births)",SH.STA.MMRT,,,,,,,,,,,,,,,,,,,,,,,,,,11.0,11.0,10.0,10.0,10.0,10.0,11.0,11.0,11.0,11.0,11.0,12.0,12.0,12.0,12.0,11.0,11.0,10.0,10.0,9.0,8.0,8.0,8.0,8.0,8.0,7.0,7.0,7.0,7.0,7.0,7.0,6.0,7.0,7.0,6.0,15.0,15.0,13.0,6.0,,
Mongolia,MNG,"Maternal mortality ratio (modeled estimate, per 100,000 live births)",SH.STA.MMRT,,,,,,,,,,,,,,,,,,,,,,,,,,352.0,346.0,341.0,335.0,311.0,276.0,227.0,199.0,181.0,178.0,176.0,178.0,180.0,174.0,162.0,144.0,130.0,120.0,114.0,108.0,99.0,90.0,81.0,77.0,75.0,71.0,67.0,63.0,59.0,56.0,52.0,48.0,45.0,45.0,45.0,47.0,63.0,41.0,41.0,,
Northern Mariana Islands,MNP,"Maternal mortality ratio (modeled estimate, per 100,000 live births)",SH.STA.MMRT,,,,,,,,,,,,,,,,,,,,,,,,,,,,,,,,,,,,,,,,,,,,,,,,,,,,,,,,,,,,,,,,,,
Mozambique,MOZ,"Maternal mortality ratio (modeled estimate, per 100,000 live births)",SH.STA.MMRT,,,,,,,,,,,,,,,,,,,,,,,,,,1452.0,1355.0,1348.0,1259.0,1209.0,1150.0,1094.0,1046.0,968.0,902.0,883.0,819.0,738.0,694.0,624.0,547.0,473.0,398.0,360.0,321.0,301.0,298.0,327.0,365.0,352.0,305.0,268.0,218.0,196.0,210.0,216.0,202.0,187.0,159.0,134.0,123.0,180.0,104.0,99.0,,
Mauritania,MRT,"Maternal mortality ratio (modeled estimate, per 100,000 live births)",SH.STA.MMRT,,,,,,,,,,,,,,,,,,,,,,,,,,998.0,961.0,914.0,887.0,883.0,858.0,845.0,811.0,813.0,809.0,815.0,813.0,752.0,698.0,669.0,644.0,616.0,590.0,571.0,557.0,536.0,521.0,516.0,506.0,500.0,499.0,494.0,496.0,496.0,484.0,469.0,456.0,450.0,437.0,424.0,413.0,425.0,385.0,381.0,,
Mauritius,MUS,"Maternal mortality ratio (modeled estimate, per 100,000 live births)",SH.STA.MMRT,,,,,,,,,,,,,,,,,,,,,,,,,,111.0,106.0,103.0,93.0,85.0,77.0,75.0,73.0,70.0,63.0,55.0,52.0,49.0,48.0,46.0,43.0,42.0,42.0,42.0,43.0,43.0,45.0,46.0,48.0,51.0,53.0,55.0,55.0,58.0,60.0,61.0,62.0,66.0,67.0,67.0,58.0,80.0,61.0,66.0,,
Malawi,MWI,"Maternal mortality ratio (modeled estimate, per 100,000 live births)",SH.STA.MMRT,,,,,,,,,,,,,,,,,,,,,,,,,,1115.0,1118.0,1123.0,1154.0,1136.0,1112.0,1080.0,1042.0,1000.0,912.0,782.0,713.0,672.0,658.0,576.0,506.0,447.0,404.0,346.0,304.0,283.0,286.0,333.0,430.0,512.0,517.0,486.0,447.0,410.0,367.0,354.0,312.0,284.0,267.0,260.0,256.0,286.0,239.0,225.0,,
Malaysia,MYS,"Maternal mortality ratio (modeled estimate, per 100,000 live births)",SH.STA.MMRT,,,,,,,,,,,,,,,,,,,,,,,,,,63.0,59.0,56.0,55.0,52.0,51.0,49.0,48.0,46.0,44.0,43.0,42.0,40.0,39.0,38.0,37.0,36.0,34.0,34.0,33.0,31.0,30.0,30.0,29.0,29.0,29.0,29.0,29.0,29.0,30.0,30.0,30.0,29.0,29.0,28.0,29.0,52.0,38.0,26.0,,
North America,NAC,"Maternal mortality ratio (modeled estimate, per 100,000 live births)",SH.STA.MMRT,,,,,,,,,,,,,,,,,,,,,,,,,,11.0,11.0,11.0,11.0,11.0,11.0,11.0,11.0,11.0,11.0,11.0,11.0,11.0,11.0,11.0,12.0,12.0,13.0,13.0,13.0,13.0,13.0,13.0,14.0,14.0,14.0,15.0,15.0,16.0,16.0,17.0,17.0,17.0,17.0,17.0,22.0,30.0,20.0,16.0,,
Namibia,NAM,"Maternal mortality ratio (modeled estimate, per 100,000 live births)",SH.STA.MMRT,,,,,,,,,,,,,,,,,,,,,,,,,,354.0,348.0,336.0,342.0,306.0,325.0,337.0,346.0,354.0,367.0,369.0,387.0,383.0,396.0,371.0,384.0,376.0,313.0,290.0,282.0,344.0,408.0,489.0,537.0,547.0,531.0,498.0,439.0,402.0,369.0,307.0,250.0,213.0,198.0,175.0,143.0,254.0,127.0,139.0,,
New Caledonia,NCL,"Maternal mortality ratio (modeled estimate, per 100,000 live births)",SH.STA.MMRT,,,,,,,,,,,,,,,,,,,,,,,,,,,,,,,,,,,,,,,,,,,,,,,,,,,,,,,,,,,,,,,,,,
Niger,NER,"Maternal mortality ratio (modeled estimate, per 100,000 live births)",SH.STA.MMRT,,,,,,,,,,,,,,,,,,,,,,,,,,1137.0,1107.0,1074.0,1040.0,1010.0,983.0,957.0,926.0,903.0,883.0,865.0,854.0,841.0,839.0,841.0,845.0,843.0,835.0,813.0,790.0,764.0,737.0,704.0,669.0,647.0,621.0,585.0,554.0,526.0,497.0,473.0,450.0,433.0,420.0,406.0,388.0,396.0,361.0,350.0,,
Nigeria,NGA,"Maternal mortality ratio (modeled estimate, per 100,000 live births)",SH.STA.MMRT,,,,,,,,,,,,,,,,,,,,,,,,,,1344.0,1363.0,1351.0,1332.0,1304.0,1285.0,1282.0,1246.0,1200.0,1193.0,1186.0,1185.0,1184.0,1189.0,1165.0,1136.0,1130.0,1117.0,1090.0,1075.0,1060.0,1067.0,1063.0,1081.0,1088.0,1094.0,1108.0,1124.0,1146.0,1155.0,1168.0,1155.0,1142.0,1118.0,1091.0,1065.0,1046.0,1016.0,993.0,,
Nicaragua,NIC,"Maternal mortality ratio (modeled estimate, per 100,000 live births)",SH.STA.MMRT,,,,,,,,,,,,,,,,,,,,,,,,,,319.0,313.0,316.0,301.0,286.0,281.0,273.0,272.0,265.0,256.0,251.0,244.0,236.0,239.0,228.0,213.0,194.0,170.0,154.0,140.0,124.0,113.0,106.0,101.0,99.0,96.0,93.0,88.0,86.0,83.0,81.0,77.0,72.0,67.0,69.0,87.0,124.0,61.0,60.0,,
Netherlands,NLD,"Maternal mortality ratio (modeled estimate, per 100,000 live births)",SH.STA.MMRT,,,,,,,,,,,,,,,,,,,,,,,,,,12.0,12.0,12.0,12.0,12.0,12.0,12.0,12.0,12.0,12.0,12.0,12.0,13.0,12.0,13.0,13.0,13.0,13.0,12.0,11.0,10.0,9.0,8.0,8.0,7.0,6.0,7.0,6.0,6.0,5.0,5.0,5.0,5.0,5.0,5.0,4.0,5.0,4.0,4.0,,
Norway,NOR,"Maternal mortality ratio (modeled estimate, per 100,000 live births)",SH.STA.MMRT,,,,,,,,,,,,,,,,,,,,,,,,,,9.0,9.0,9.0,9.0,9.0,9.0,8.0,8.0,7.0,7.0,6.0,6.0,5.0,5.0,5.0,5.0,5.0,5.0,5.0,6.0,6.0,5.0,5.0,5.0,4.0,4.0,4.0,3.0,3.0,2.0,2.0,2.0,2.0,2.0,2.0,2.0,2.0,3.0,1.0,,
Nepal,NPL,"Maternal mortality ratio (modeled estimate, per 100,000 live births)",SH.STA.MMRT,,,,,,,,,,,,,,,,,,,,,,,,,,1186.0,1143.0,1088.0,1038.0,973.0,920.0,850.0,768.0,703.0,657.0,625.0,584.0,550.0,522.0,512.0,480.0,443.0,414.0,387.0,364.0,344.0,318.0,309.0,302.0,299.0,297.0,286.0,272.0,258.0,245.0,236.0,214.0,197.0,183.0,170.0,153.0,173.0,139.0,142.0,,
Nauru,NRU,"Maternal mortality ratio (modeled estimate, per 100,000 live births)",SH.STA.MMRT,,,,,,,,,,,,,,,,,,,,,,,,,,191.0,209.0,206.0,202.0,198.0,195.0,216.0,217.0,219.0,220.0,219.0,218.0,218.0,257.0,277.0,278.0,299.0,321.0,323.0,324.0,328.0,304.0,303.0,302.0,300.0,297.0,260.0,255.0,247.0,240.0,253.0,248.0,259.0,269.0,267.0,309.0,266.0,317.0,273.0,,
New Zealand,NZL,"Maternal mortality ratio (modeled estimate, per 100,000 live births)",SH.STA.MMRT,,,,,,,,,,,,,,,,,,,,,,,,,,19.0,18.0,19.0,19.0,18.0,18.0,16.0,15.0,14.0,13.0,14.0,14.0,13.0,12.0,12.0,11.0,10.0,11.0,11.0,11.0,11.0,10.0,10.0,10.0,10.0,10.0,10.0,9.0,8.0,7.0,8.0,8.0,8.0,7.0,8.0,8.0,8.0,23.0,7.0,,
OECD members,OED,"Maternal mortality ratio (modeled estimate, per 100,000 live births)",SH.STA.MMRT,,,,,,,,,,,,,,,,,,,,,,,,,,39.0,36.0,35.0,33.0,32.0,31.0,30.0,29.0,28.0,28.0,27.0,26.0,25.0,25.0,25.0,24.0,24.0,23.0,23.0,22.0,21.0,21.0,20.0,20.0,20.0,20.0,20.0,19.0,19.0,19.0,18.0,18.0,18.0,18.0,18.0,24.0,35.0,21.0,17.0,,
Oman,OMN,"Maternal mortality ratio (modeled estimate, per 100,000 live births)",SH.STA.MMRT,,,,,,,,,,,,,,,,,,,,,,,,,,43.0,40.0,37.0,34.0,32.0,29.0,28.0,26.0,25.0,23.0,22.0,21.0,20.0,20.0,19.0,19.0,18.0,18.0,18.0,18.0,18.0,18.0,18.0,18.0,17.0,17.0,16.0,16.0,15.0,15.0,15.0,14.0,14.0,14.0,14.0,32.0,74.0,13.0,13.0,,
Other small states,OSS,"Maternal mortality ratio (modeled estimate, per 100,000 live births)",SH.STA.MMRT,,,,,,,,,,,,,,,,,,,,,,,,,,615.0,592.0,562.0,543.0,508.0,499.0,498.0,496.0,482.0,478.0,462.0,446.0,432.0,420.0,461.0,306.0,288.0,284.0,289.0,286.0,284.0,269.0,279.0,287.0,290.0,263.0,257.0,225.0,203.0,177.0,158.0,142.0,129.0,121.0,113.0,122.0,149.0,116.0,103.0,,
Pakistan,PAK,"Maternal mortality ratio (modeled estimate, per 100,000 live births)",SH.STA.MMRT,,,,,,,,,,,,,,,,,,,,,,,,,,432.0,436.0,442.0,441.0,439.0,434.0,443.0,459.0,473.0,479.0,485.0,482.0,476.0,456.0,438.0,419.0,400.0,380.0,358.0,333.0,316.0,284.0,265.0,254.0,246.0,240.0,234.0,227.0,220.0,211.0,202.0,193.0,184.0,178.0,173.0,178.0,193.0,160.0,155.0,,
Panama,PAN,"Maternal mortality ratio (modeled estimate, per 100,000 live births)",SH.STA.MMRT,,,,,,,,,,,,,,,,,,,,,,,,,,95.0,94.0,93.0,93.0,96.0,89.0,87.0,85.0,81.0,78.0,77.0,73.0,70.0,68.0,65.0,64.0,62.0,59.0,58.0,57.0,57.0,56.0,55.0,55.0,55.0,56.0,55.0,53.0,52.0,49.0,48.0,47.0,47.0,43.0,41.0,74.0,59.0,40.0,37.0,,
Peru,PER,"Maternal mortality ratio (modeled estimate, per 100,000 live births)",SH.STA.MMRT,,,,,,,,,,,,,,,,,,,,,,,,,,198.0,193.0,192.0,190.0,190.0,191.0,201.0,195.0,192.0,188.0,179.0,166.0,152.0,139.0,124.0,115.0,109.0,106.0,104.0,107.0,103.0,99.0,94.0,91.0,89.0,86.0,83.0,79.0,75.0,73.0,71.0,69.0,67.0,66.0,60.0,75.0,141.0,81.0,51.0,,
Philippines,PHL,"Maternal mortality ratio (modeled estimate, per 100,000 live births)",SH.STA.MMRT,,,,,,,,,,,,,,,,,,,,,,,,,,204.0,199.0,191.0,184.0,177.0,173.0,172.0,160.0,155.0,151.0,147.0,141.0,138.0,135.0,130.0,127.0,132.0,126.0,127.0,122.0,118.0,129.0,123.0,123.0,122.0,117.0,115.0,110.0,110.0,106.0,104.0,98.0,86.0,92.0,92.0,88.0,153.0,92.0,84.0,,
Palau,PLW,"Maternal mortality ratio (modeled estimate, per 100,000 live births)",SH.STA.MMRT,,,,,,,,,,,,,,,,,,,,,,,,,,95.0,92.0,88.0,96.0,93.0,100.0,106.0,113.0,109.0,116.0,111.0,123.0,125.0,119.0,115.0,119.0,118.0,117.0,108.0,106.0,105.0,105.0,98.0,99.0,94.0,96.0,83.0,84.0,85.0,78.0,79.0,80.0,80.0,82.0,84.0,117.0,109.0,121.0,89.0,,
Papua New Guinea,PNG,"Maternal mortality ratio (modeled estimate, per 100,000 live births)",SH.STA.MMRT,,,,,,,,,,,,,,,,,,,,,,,,,,393.0,386.0,379.0,377.0,369.0,360.0,354.0,340.0,333.0,324.0,318.0,316.0,316.0,325.0,321.0,323.0,325.0,329.0,328.0,326.0,326.0,325.0,326.0,315.0,302.0,289.0,271.0,257.0,243.0,232.0,221.0,214.0,207.0,205.0,199.0,194.0,223.0,189.0,189.0,,
Poland,POL,"Maternal mortality ratio (modeled estimate, per 100,000 live births)",SH.STA.MMRT,,,,,,,,,,,,,,,,,,,,,,,,,,19.0,19.0,18.0,18.0,18.0,18.0,18.0,16.0,15.0,14.0,12.0,11.0,10.0,9.0,8.0,7.0,6.0,5.0,5.0,4.0,4.0,4.0,3.0,3.0,3.0,3.0,2.0,2.0,2.0,2.0,2.0,2.0,2.0,2.0,2.0,3.0,2.0,2.0,2.0,,
Pre-demographic dividend,PRE,"Maternal mortality ratio (modeled estimate, per 100,000 live births)",SH.STA.MMRT,,,,,,,,,,,,,,,,,,,,,,,,,,1150.0,1100.0,1140.0,1060.0,1030.0,1010.0,984.0,992.0,964.0,866.0,884.0,872.0,851.0,887.0,791.0,763.0,740.0,722.0,697.0,679.0,667.0,664.0,663.0,665.0,661.0,652.0,640.0,629.0,624.0,622.0,614.0,595.0,575.0,546.0,528.0,507.0,516.0,472.0,461.0,,
Puerto Rico (US),PRI,"Maternal mortality ratio (modeled estimate, per 100,000 live births)",SH.STA.MMRT,,,,,,,,,,,,,,,,,,,,,,,,,,32.0,29.0,29.0,30.0,34.0,32.0,26.0,27.0,26.0,25.0,25.0,24.0,23.0,22.0,22.0,22.0,21.0,19.0,20.0,20.0,20.0,19.0,18.0,18.0,18.0,18.0,17.0,17.0,16.0,16.0,15.0,15.0,17.0,14.0,13.0,11.0,50.0,55.0,11.0,,
"Korea, Dem. People's Rep.",PRK,"Maternal mortality ratio (modeled estimate, per 100,000 live births)",SH.STA.MMRT,,,,,,,,,,,,,,,,,,,,,,,,,,76.0,68.0,62.0,55.0,49.0,43.0,38.0,37.0,46.0,57.0,127.0,128.0,128.0,129.0,129.0,129.0,130.0,131.0,76.0,77.0,78.0,80.0,80.0,79.0,78.0,77.0,76.0,76.0,75.0,73.0,72.0,71.0,70.0,69.0,66.0,66.0,72.0,67.0,67.0,,
Portugal,PRT,"Maternal mortality ratio (modeled estimate, per 100,000 live births)",SH.STA.MMRT,,,,,,,,,,,,,,,,,,,,,,,,,,20.0,19.0,19.0,18.0,18.0,17.0,17.0,16.0,15.0,13.0,12.0,12.0,12.0,11.0,10.0,9.0,9.0,9.0,8.0,8.0,8.0,8.0,8.0,9.0,9.0,10.0,10.0,10.0,10.0,11.0,11.0,12.0,13.0,14.0,15.0,14.0,19.0,16.0,15.0,,
Paraguay,PRY,"Maternal mortality ratio (modeled estimate, per 100,000 live births)",SH.STA.MMRT,,,,,,,,,,,,,,,,,,,,,,,,,,237.0,230.0,225.0,220.0,209.0,198.0,192.0,195.0,197.0,201.0,202.0,203.0,205.0,207.0,207.0,207.0,207.0,206.0,203.0,199.0,194.0,186.0,177.0,166.0,152.0,136.0,120.0,100.0,84.0,70.0,64.0,60.0,58.0,58.0,58.0,69.0,140.0,78.0,58.0,,
West Bank and Gaza,PSE,"Maternal mortality ratio (modeled estimate, per 100,000 live births)",SH.STA.MMRT,,,,,,,,,,,,,,,,,,,,,,,,,,102.0,96.0,87.0,85.0,82.0,78.0,75.0,73.0,69.0,66.0,64.0,61.0,60.0,59.0,58.0,59.0,60.0,58.0,56.0,55.0,52.0,51.0,49.0,49.0,48.0,42.0,39.0,36.0,32.0,29.0,26.0,23.0,21.0,19.0,18.0,20.0,29.0,17.0,16.0,,
Pacific island small states,PSS,"Maternal mortality ratio (modeled estimate, per 100,000 live births)",SH.STA.MMRT,,,,,,,,,,,,,,,,,,,,,,,,,,152.0,153.0,148.0,141.0,138.0,136.0,132.0,129.0,127.0,123.0,121.0,119.0,117.0,116.0,115.0,115.0,113.0,114.0,112.0,111.0,109.0,107.0,107.0,104.0,104.0,102.0,101.0,102.0,102.0,102.0,102.0,101.0,100.0,98.0,97.0,98.0,119.0,95.0,90.0,,
Post-demographic dividend,PST,"Maternal mortality ratio (modeled estimate, per 100,000 live births)",SH.STA.MMRT,,,,,,,,,,,,,,,,,,,,,,,,,,18.0,18.0,17.0,17.0,16.0,16.0,15.0,15.0,15.0,14.0,14.0,13.0,13.0,12.0,12.0,12.0,12.0,12.0,11.0,11.0,11.0,11.0,11.0,11.0,11.0,11.0,11.0,11.0,11.0,11.0,11.0,11.0,11.0,11.0,11.0,14.0,18.0,13.0,10.0,,
French Polynesia,PYF,"Maternal mortality ratio (modeled estimate, per 100,000 live births)",SH.STA.MMRT,,,,,,,,,,,,,,,,,,,,,,,,,,,,,,,,,,,,,,,,,,,,,,,,,,,,,,,,,,,,,,,,,,
Qatar,QAT,"Maternal mortality ratio (modeled estimate, per 100,000 live births)",SH.STA.MMRT,,,,,,,,,,,,,,,,,,,,,,,,,,17.0,16.0,15.0,15.0,14.0,13.0,13.0,13.0,13.0,13.0,13.0,13.0,13.0,12.0,12.0,11.0,12.0,11.0,11.0,11.0,11.0,10.0,9.0,9.0,8.0,8.0,7.0,7.0,6.0,6.0,6.0,5.0,5.0,5.0,5.0,6.0,7.0,8.0,4.0,,
Romania,ROU,"Maternal mortality ratio (modeled estimate, per 100,000 live births)",SH.STA.MMRT,,,,,,,,,,,,,,,,,,,,,,,,,,184.0,180.0,173.0,159.0,143.0,118.0,104.0,95.0,87.0,80.0,75.0,72.0,66.0,58.0,51.0,45.0,41.0,38.0,35.0,32.0,30.0,27.0,25.0,25.0,25.0,23.0,20.0,19.0,18.0,18.0,18.0,17.0,17.0,15.0,14.0,16.0,20.0,13.0,12.0,,
Russian Federation,RUS,"Maternal mortality ratio (modeled estimate, per 100,000 live births)",SH.STA.MMRT,,,,,,,,,,,,,,,,,,,,,,,,,,81.0,69.0,65.0,63.0,61.0,58.0,57.0,62.0,76.0,85.0,82.0,69.0,59.0,53.0,53.0,51.0,48.0,47.0,45.0,41.0,38.0,32.0,29.0,27.0,24.0,23.0,19.0,18.0,16.0,16.0,15.0,14.0,12.0,12.0,12.0,19.0,21.0,13.0,9.0,,
Rwanda,RWA,"Maternal mortality ratio (modeled estimate, per 100,000 live births)",SH.STA.MMRT,,,,,,,,,,,,,,,,,,,,,,,,,,1116.0,1126.0,1145.0,1188.0,1238.0,1309.0,1386.0,1530.0,1619.0,5721.0,1505.0,1295.0,1318.0,1268.0,1073.0,885.0,769.0,677.0,551.0,460.0,465.0,494.0,494.0,454.0,418.0,393.0,358.0,331.0,317.0,301.0,292.0,278.0,275.0,269.0,261.0,252.0,254.0,234.0,229.0,,
South Asia,SAS,"Maternal mortality ratio (modeled estimate, per 100,000 live births)",SH.STA.MMRT,,,,,,,,,,,,,,,,,,,,,,,,,,697.0,659.0,633.0,607.0,585.0,567.0,555.0,534.0,522.0,509.0,496.0,481.0,466.0,451.0,432.0,415.0,396.0,376.0,357.0,338.0,318.0,296.0,278.0,259.0,243.0,229.0,215.0,203.0,192.0,182.0,173.0,163.0,155.0,148.0,142.0,145.0,194.0,130.0,120.0,,
Saudi Arabia,SAU,"Maternal mortality ratio (modeled estimate, per 100,000 live births)",SH.STA.MMRT,,,,,,,,,,,,,,,,,,,,,,,,,,40.0,38.0,36.0,34.0,32.0,30.0,29.0,27.0,26.0,25.0,24.0,23.0,23.0,22.0,21.0,20.0,19.0,18.0,16.0,16.0,15.0,14.0,13.0,12.0,11.0,11.0,10.0,9.0,9.0,8.0,8.0,8.0,8.0,8.0,8.0,11.0,12.0,9.0,7.0,,
Sudan,SDN,"Maternal mortality ratio (modeled estimate, per 100,000 live births)",SH.STA.MMRT,,,,,,,,,,,,,,,,,,,,,,,,,,980.0,938.0,914.0,877.0,881.0,840.0,873.0,863.0,839.0,775.0,730.0,712.0,681.0,669.0,662.0,645.0,616.0,588.0,593.0,536.0,506.0,485.0,445.0,426.0,382.0,370.0,357.0,340.0,327.0,309.0,298.0,288.0,277.0,268.0,262.0,273.0,305.0,263.0,256.0,,
Senegal,SEN,"Maternal mortality ratio (modeled estimate, per 100,000 live births)",SH.STA.MMRT,,,,,,,,,,,,,,,,,,,,,,,,,,899.0,820.0,760.0,709.0,662.0,640.0,616.0,598.0,589.0,579.0,586.0,601.0,599.0,605.0,602.0,581.0,560.0,531.0,520.0,501.0,488.0,462.0,457.0,463.0,441.0,436.0,415.0,405.0,385.0,373.0,357.0,345.0,325.0,305.0,286.0,252.0,263.0,228.0,237.0,,
Singapore,SGP,"Maternal mortality ratio (modeled estimate, per 100,000 live births)",SH.STA.MMRT,,,,,,,,,,,,,,,,,,,,,,,,,,18.0,18.0,18.0,18.0,18.0,17.0,16.0,16.0,16.0,16.0,17.0,17.0,17.0,17.0,17.0,17.0,16.0,16.0,15.0,14.0,14.0,13.0,12.0,11.0,10.0,10.0,10.0,10.0,9.0,9.0,8.0,8.0,8.0,8.0,7.0,13.0,20.0,34.0,6.0,,
Solomon Islands,SLB,"Maternal mortality ratio (modeled estimate, per 100,000 live births)",SH.STA.MMRT,,,,,,,,,,,,,,,,,,,,,,,,,,209.0,226.0,200.0,193.0,188.0,184.0,178.0,174.0,173.0,170.0,168.0,166.0,164.0,165.0,164.0,166.0,167.0,168.0,167.0,164.0,161.0,159.0,163.0,153.0,152.0,148.0,147.0,146.0,147.0,147.0,146.0,143.0,140.0,136.0,135.0,131.0,153.0,126.0,123.0,,
Sierra Leone,SLE,"Maternal mortality ratio (modeled estimate, per 100,000 live births)",SH.STA.MMRT,,,,,,,,,,,,,,,,,,,,,,,,,,1506.0,1530.0,1533.0,1549.0,1575.0,1572.0,1699.0,1681.0,1696.0,1755.0,1777.0,1726.0,1721.0,1753.0,1731.0,1603.0,1518.0,1492.0,1433.0,1366.0,1294.0,1168.0,1132.0,1093.0,1054.0,1018.0,967.0,915.0,842.0,821.0,730.0,633.0,578.0,491.0,464.0,422.0,403.0,370.0,354.0,,
El Salvador,SLV,"Maternal mortality ratio (modeled estimate, per 100,000 live births)",SH.STA.MMRT,,,,,,,,,,,,,,,,,,,,,,,,,,193.0,169.0,178.0,173.0,155.0,145.0,129.0,121.0,114.0,101.0,89.0,78.0,67.0,61.0,53.0,48.0,45.0,40.0,38.0,35.0,34.0,33.0,33.0,33.0,35.0,34.0,35.0,36.0,39.0,41.0,43.0,43.0,44.0,43.0,40.0,48.0,58.0,39.0,39.0,,
San Marino,SMR,"Maternal mortality ratio (modeled estimate, per 100,000 live births)",SH.STA.MMRT,,,,,,,,,,,,,,,,,,,,,,,,,,12.0,12.0,12.0,12.0,12.0,11.0,11.0,11.0,11.0,10.0,10.0,10.0,10.0,9.0,9.0,14.0,14.0,14.0,13.0,13.0,12.0,12.0,8.0,8.0,8.0,8.0,8.0,8.0,8.0,8.0,8.0,7.0,7.0,7.0,7.0,46.0,35.0,22.0,8.0,,
"Somalia, Fed. Rep.",SOM,"Maternal mortality ratio (modeled estimate, per 100,000 live births)",SH.STA.MMRT,,,,,,,,,,,,,,,,,,,,,,,,,,1465.0,1452.0,1393.0,1423.0,1395.0,1358.0,1431.0,1339.0,1195.0,1254.0,1210.0,1225.0,1206.0,1177.0,1170.0,1150.0,1129.0,1121.0,1111.0,1104.0,1086.0,1085.0,1074.0,1035.0,995.0,1062.0,972.0,894.0,855.0,816.0,784.0,754.0,716.0,727.0,656.0,655.0,726.0,622.0,563.0,,
Serbia,SRB,"Maternal mortality ratio (modeled estimate, per 100,000 live births)",SH.STA.MMRT,,,,,,,,,,,,,,,,,,,,,,,,,,15.0,15.0,15.0,14.0,14.0,14.0,14.0,15.0,16.0,16.0,17.0,17.0,17.0,19.0,17.0,16.0,15.0,14.0,14.0,13.0,13.0,12.0,12.0,12.0,12.0,13.0,13.0,13.0,13.0,13.0,13.0,13.0,13.0,12.0,12.0,16.0,26.0,14.0,11.0,,
Sub-Saharan Africa (excluding high income),SSA,"Maternal mortality ratio (modeled estimate, per 100,000 live births)",SH.STA.MMRT,,,,,,,,,,,,,,,,,,,,,,,,,,1060.0,1030.0,1060.0,998.0,969.0,947.0,929.0,942.0,920.0,885.0,834.0,823.0,805.0,836.0,746.0,719.0,701.0,684.0,662.0,644.0,637.0,637.0,638.0,643.0,640.0,633.0,623.0,613.0,607.0,603.0,595.0,576.0,557.0,529.0,512.0,490.0,502.0,459.0,449.0,,
South Sudan,SSD,"Maternal mortality ratio (modeled estimate, per 100,000 live births)",SH.STA.MMRT,,,,,,,,,,,,,,,,,,,,,,,,,,3845.0,3720.0,8045.0,5535.0,5103.0,4877.0,4764.0,7597.0,7537.0,1666.0,4430.0,4357.0,4172.0,7514.0,2048.0,1658.0,1580.0,1521.0,1199.0,1150.0,1074.0,1005.0,933.0,858.0,823.0,776.0,770.0,755.0,771.0,1216.0,1436.0,1629.0,1662.0,913.0,745.0,729.0,749.0,704.0,692.0,,
Sub-Saharan Africa,SSF,"Maternal mortality ratio (modeled estimate, per 100,000 live births)",SH.STA.MMRT,,,,,,,,,,,,,,,,,,,,,,,,,,1120.0,1083.0,1107.0,1051.0,1021.0,1004.0,979.0,989.0,963.0,925.0,870.0,855.0,832.0,855.0,772.0,744.0,726.0,709.0,685.0,666.0,658.0,656.0,654.0,656.0,652.0,643.0,633.0,620.0,610.0,604.0,593.0,575.0,554.0,526.0,507.0,486.0,501.0,455.0,448.0,,
Small states,SST,"Maternal mortality ratio (modeled estimate, per 100,000 live births)",SH.STA.MMRT,,,,,,,,,,,,,,,,,,,,,,,,,,429.0,417.0,401.0,391.0,370.0,365.0,365.0,364.0,352.0,349.0,337.0,326.0,316.0,308.0,332.0,234.0,222.0,219.0,222.0,220.0,217.0,206.0,212.0,216.0,217.0,199.0,194.0,174.0,159.0,143.0,131.0,121.0,112.0,108.0,102.0,108.0,138.0,102.0,93.0,,
Sao Tome and Principe,STP,"Maternal mortality ratio (modeled estimate, per 100,000 live births)",SH.STA.MMRT,,,,,,,,,,,,,,,,,,,,,,,,,,159.0,175.0,161.0,157.0,167.0,164.0,166.0,164.0,166.0,168.0,172.0,171.0,173.0,175.0,179.0,180.0,178.0,179.0,178.0,177.0,181.0,177.0,174.0,174.0,172.0,170.0,164.0,158.0,150.0,138.0,128.0,119.0,110.0,100.0,95.0,92.0,98.0,82.0,75.0,,
Suriname,SUR,"Maternal mortality ratio (modeled estimate, per 100,000 live births)",SH.STA.MMRT,,,,,,,,,,,,,,,,,,,,,,,,,,386.0,377.0,372.0,364.0,360.0,350.0,347.0,346.0,343.0,334.0,331.0,323.0,312.0,302.0,291.0,282.0,270.0,253.0,238.0,219.0,202.0,187.0,173.0,161.0,147.0,134.0,126.0,122.0,121.0,120.0,115.0,109.0,105.0,101.0,97.0,94.0,144.0,88.0,84.0,,
Slovak Republic,SVK,"Maternal mortality ratio (modeled estimate, per 100,000 live births)",SH.STA.MMRT,,,,,,,,,,,,,,,,,,,,,,,,,,19.0,19.0,19.0,18.0,17.0,18.0,17.0,15.0,14.0,12.0,11.0,10.0,10.0,10.0,9.0,8.0,8.0,7.0,7.0,7.0,7.0,6.0,6.0,5.0,6.0,5.0,5.0,5.0,5.0,5.0,5.0,5.0,5.0,5.0,5.0,4.0,12.0,5.0,4.0,,
Slovenia,SVN,"Maternal mortality ratio (modeled estimate, per 100,000 live births)",SH.STA.MMRT,,,,,,,,,,,,,,,,,,,,,,,,,,17.0,16.0,16.0,16.0,15.0,14.0,13.0,13.0,12.0,12.0,11.0,10.0,9.0,9.0,8.0,7.0,6.0,6.0,6.0,6.0,6.0,6.0,6.0,7.0,7.0,7.0,6.0,6.0,6.0,6.0,5.0,5.0,5.0,4.0,4.0,12.0,8.0,15.0,3.0,,
Sweden,SWE,"Maternal mortality ratio (modeled estimate, per 100,000 live births)",SH.STA.MMRT,,,,,,,,,,,,,,,,,,,,,,,,,,8.0,8.0,8.0,9.0,9.0,8.0,8.0,8.0,8.0,7.0,7.0,6.0,6.0,6.0,6.0,5.0,5.0,5.0,5.0,5.0,5.0,5.0,5.0,5.0,5.0,5.0,5.0,5.0,5.0,5.0,5.0,5.0,5.0,5.0,4.0,5.0,5.0,5.0,4.0,,
Eswatini,SWZ,"Maternal mortality ratio (modeled estimate, per 100,000 live births)",SH.STA.MMRT,,,,,,,,,,,,,,,,,,,,,,,,,,580.0,548.0,521.0,494.0,505.0,520.0,545.0,580.0,609.0,645.0,612.0,604.0,550.0,475.0,409.0,361.0,307.0,331.0,392.0,451.0,529.0,511.0,647.0,766.0,855.0,752.0,765.0,613.0,491.0,369.0,283.0,213.0,151.0,133.0,96.0,102.0,219.0,112.0,118.0,,
Sint Maarten (Dutch part),SXM,"Maternal mortality ratio (modeled estimate, per 100,000 live births)",SH.STA.MMRT,,,,,,,,,,,,,,,,,,,,,,,,,,,,,,,,,,,,,,,,,,,,,,,,,,,,,,,,,,,,,,,,,,
Seychelles,SYC,"Maternal mortality ratio (modeled estimate, per 100,000 live births)",SH.STA.MMRT,,,,,,,,,,,,,,,,,,,,,,,,,,69.0,65.0,62.0,60.0,61.0,53.0,54.0,50.0,49.0,45.0,40.0,39.0,37.0,41.0,41.0,45.0,43.0,45.0,47.0,52.0,50.0,51.0,52.0,51.0,51.0,50.0,50.0,49.0,48.0,46.0,46.0,47.0,47.0,49.0,48.0,51.0,74.0,89.0,42.0,,
Syrian Arab Republic,SYR,"Maternal mortality ratio (modeled estimate, per 100,000 live births)",SH.STA.MMRT,,,,,,,,,,,,,,,,,,,,,,,,,,55.0,52.0,48.0,44.0,41.0,37.0,35.0,33.0,32.0,32.0,33.0,34.0,34.0,34.0,32.0,31.0,29.0,26.0,24.0,22.0,21.0,20.0,19.0,20.0,19.0,19.0,21.0,22.0,25.0,25.0,24.0,23.0,23.0,21.0,24.0,23.0,30.0,21.0,20.0,,
Turks and Caicos Islands,TCA,"Maternal mortality ratio (modeled estimate, per 100,000 live births)",SH.STA.MMRT,,,,,,,,,,,,,,,,,,,,,,,,,,,,,,,,,,,,,,,,,,,,,,,,,,,,,,,,,,,,,,,,,,
Chad,TCD,"Maternal mortality ratio (modeled estimate, per 100,000 live births)",SH.STA.MMRT,,,,,,,,,,,,,,,,,,,,,,,,,,1119.0,1068.0,1123.0,1093.0,1083.0,1113.0,1093.0,1119.0,1166.0,1151.0,1119.0,1150.0,1146.0,1177.0,1184.0,1208.0,1204.0,1199.0,1170.0,1167.0,1189.0,1220.0,1240.0,1264.0,1285.0,1284.0,1264.0,1245.0,1216.0,1198.0,1176.0,1133.0,1085.0,1020.0,958.0,877.0,869.0,775.0,748.0,,
East Asia & Pacific (IDA & IBRD countries),TEA,"Maternal mortality ratio (modeled estimate, per 100,000 live births)",SH.STA.MMRT,,,,,,,,,,,,,,,,,,,,,,,,,,208.0,195.0,184.0,179.0,169.0,164.0,164.0,159.0,151.0,150.0,146.0,143.0,138.0,135.0,133.0,125.0,123.0,118.0,114.0,112.0,106.0,104.0,100.0,97.0,93.0,90.0,87.0,82.0,79.0,74.0,72.0,68.0,64.0,66.0,65.0,74.0,96.0,74.0,68.0,,
Europe & Central Asia (IDA & IBRD countries),TEC,"Maternal mortality ratio (modeled estimate, per 100,000 live births)",SH.STA.MMRT,,,,,,,,,,,,,,,,,,,,,,,,,,66.0,61.0,59.0,56.0,53.0,50.0,48.0,49.0,52.0,54.0,53.0,48.0,45.0,42.0,40.0,38.0,37.0,35.0,34.0,32.0,31.0,28.0,27.0,25.0,24.0,23.0,21.0,20.0,19.0,19.0,18.0,17.0,16.0,16.0,16.0,20.0,23.0,17.0,14.0,,
Togo,TGO,"Maternal mortality ratio (modeled estimate, per 100,000 live births)",SH.STA.MMRT,,,,,,,,,,,,,,,,,,,,,,,,,,668.0,649.0,636.0,628.0,644.0,657.0,676.0,692.0,728.0,688.0,663.0,627.0,600.0,570.0,529.0,496.0,478.0,447.0,431.0,431.0,434.0,453.0,448.0,457.0,471.0,497.0,501.0,506.0,500.0,490.0,470.0,460.0,443.0,435.0,416.0,398.0,397.0,362.0,349.0,,
Thailand,THA,"Maternal mortality ratio (modeled estimate, per 100,000 live births)",SH.STA.MMRT,,,,,,,,,,,,,,,,,,,,,,,,,,88.0,78.0,72.0,67.0,64.0,60.0,59.0,58.0,57.0,54.0,52.0,49.0,48.0,47.0,48.0,49.0,47.0,44.0,42.0,44.0,40.0,38.0,38.0,37.0,37.0,37.0,37.0,36.0,35.0,34.0,34.0,34.0,34.0,34.0,34.0,36.0,38.0,112.0,34.0,,
Tajikistan,TJK,"Maternal mortality ratio (modeled estimate, per 100,000 live births)",SH.STA.MMRT,,,,,,,,,,,,,,,,,,,,,,,,,,98.0,91.0,91.0,83.0,85.0,80.0,79.0,84.0,84.0,85.0,81.0,82.0,76.0,72.0,64.0,58.0,58.0,48.0,39.0,36.0,36.0,35.0,30.0,29.0,29.0,26.0,25.0,23.0,21.0,21.0,20.0,20.0,17.0,16.0,16.0,25.0,25.0,14.0,14.0,,
Turkmenistan,TKM,"Maternal mortality ratio (modeled estimate, per 100,000 live births)",SH.STA.MMRT,,,,,,,,,,,,,,,,,,,,,,,,,,77.0,75.0,72.0,69.0,65.0,62.0,60.0,58.0,56.0,54.0,50.0,46.0,40.0,34.0,29.0,25.0,22.0,20.0,18.0,17.0,15.0,14.0,13.0,11.0,10.0,9.0,8.0,7.0,7.0,6.0,6.0,6.0,5.0,5.0,5.0,5.0,6.0,5.0,5.0,,
Latin America & the Caribbean (IDA & IBRD countries),TLA,"Maternal mortality ratio (modeled estimate, per 100,000 live births)",SH.STA.MMRT,,,,,,,,,,,,,,,,,,,,,,,,,,181.0,172.0,165.0,161.0,154.0,148.0,141.0,135.0,130.0,125.0,119.0,113.0,108.0,103.0,97.0,92.0,91.0,88.0,87.0,88.0,85.0,85.0,84.0,84.0,83.0,81.0,77.0,75.0,74.0,74.0,74.0,75.0,75.0,76.0,75.0,92.0,133.0,90.0,75.0,,
Timor-Leste,TLS,"Maternal mortality ratio (modeled estimate, per 100,000 live births)",SH.STA.MMRT,,,,,,,,,,,,,,,,,,,,,,,,,,1916.0,1860.0,1763.0,1743.0,1511.0,1477.0,1439.0,1368.0,1308.0,1254.0,1239.0,1193.0,1166.0,1157.0,1488.0,796.0,761.0,724.0,714.0,683.0,648.0,600.0,559.0,518.0,477.0,439.0,404.0,374.0,349.0,327.0,305.0,287.0,269.0,251.0,237.0,257.0,263.0,235.0,192.0,,
"Middle East, North Africa, Afghanistan & Pakistan (IDA & IBRD)",TMN,"Maternal mortality ratio (modeled estimate, per 100,000 live births)",SH.STA.MMRT,,,,,,,,,,,,,,,,,,,,,,,,,,395.0,372.0,364.0,347.0,340.0,338.0,336.0,337.0,344.0,358.0,366.0,365.0,361.0,358.0,341.0,332.0,313.0,298.0,285.0,269.0,253.0,235.0,222.0,208.0,202.0,196.0,188.0,181.0,175.0,169.0,165.0,159.0,153.0,150.0,147.0,157.0,172.0,138.0,132.0,,
Tonga,TON,"Maternal mortality ratio (modeled estimate, per 100,000 live births)",SH.STA.MMRT,,,,,,,,,,,,,,,,,,,,,,,,,,148.0,149.0,147.0,145.0,139.0,138.0,134.0,129.0,127.0,123.0,117.0,113.0,111.0,104.0,99.0,100.0,98.0,98.0,95.0,92.0,92.0,89.0,88.0,88.0,91.0,85.0,84.0,83.0,80.0,80.0,79.0,78.0,77.0,74.0,73.0,74.0,76.0,72.0,67.0,,
South Asia (IDA & IBRD),TSA,"Maternal mortality ratio (modeled estimate, per 100,000 live births)",SH.STA.MMRT,,,,,,,,,,,,,,,,,,,,,,,,,,696.0,662.0,633.0,606.0,584.0,562.0,547.0,523.0,505.0,485.0,467.0,449.0,431.0,415.0,398.0,380.0,365.0,344.0,326.0,307.0,287.0,268.0,250.0,232.0,214.0,198.0,183.0,169.0,158.0,147.0,138.0,129.0,121.0,114.0,108.0,107.0,159.0,95.0,85.0,,
Sub-Saharan Africa (IDA & IBRD countries),TSS,"Maternal mortality ratio (modeled estimate, per 100,000 live births)",SH.STA.MMRT,,,,,,,,,,,,,,,,,,,,,,,,,,1090.0,1060.0,1080.0,1030.0,1000.0,986.0,962.0,972.0,947.0,910.0,858.0,843.0,822.0,844.0,762.0,735.0,717.0,699.0,676.0,657.0,649.0,646.0,645.0,646.0,641.0,632.0,620.0,606.0,597.0,589.0,577.0,556.0,535.0,507.0,488.0,465.0,477.0,434.0,424.0,,
Trinidad and Tobago,TTO,"Maternal mortality ratio (modeled estimate, per 100,000 live births)",SH.STA.MMRT,,,,,,,,,,,,,,,,,,,,,,,,,,87.0,89.0,86.0,87.0,86.0,84.0,82.0,85.0,85.0,84.0,85.0,84.0,82.0,79.0,78.0,76.0,72.0,69.0,67.0,63.0,60.0,58.0,57.0,55.0,54.0,54.0,53.0,51.0,50.0,50.0,50.0,51.0,51.0,53.0,53.0,35.0,54.0,30.0,54.0,,
Tunisia,TUN,"Maternal mortality ratio (modeled estimate, per 100,000 live births)",SH.STA.MMRT,,,,,,,,,,,,,,,,,,,,,,,,,,132.0,121.0,107.0,96.0,87.0,85.0,83.0,82.0,80.0,77.0,73.0,68.0,64.0,60.0,57.0,56.0,55.0,53.0,52.0,50.0,49.0,48.0,46.0,45.0,44.0,44.0,44.0,43.0,43.0,42.0,40.0,39.0,38.0,38.0,37.0,40.0,65.0,38.0,36.0,,
Turkiye,TUR,"Maternal mortality ratio (modeled estimate, per 100,000 live births)",SH.STA.MMRT,,,,,,,,,,,,,,,,,,,,,,,,,,56.0,53.0,50.0,47.0,44.0,42.0,41.0,40.0,39.0,38.0,37.0,36.0,35.0,34.0,34.0,32.0,31.0,30.0,29.0,28.0,27.0,26.0,25.0,24.0,23.0,23.0,23.0,21.0,20.0,20.0,19.0,19.0,18.0,17.0,17.0,19.0,20.0,21.0,15.0,,
Tuvalu,TUV,"Maternal mortality ratio (modeled estimate, per 100,000 live births)",SH.STA.MMRT,,,,,,,,,,,,,,,,,,,,,,,,,,230.0,226.0,252.0,300.0,296.0,291.0,289.0,312.0,286.0,284.0,281.0,277.0,249.0,245.0,242.0,237.0,235.0,234.0,210.0,209.0,230.0,226.0,222.0,219.0,215.0,213.0,169.0,168.0,168.0,168.0,169.0,170.0,171.0,153.0,155.0,206.0,157.0,220.0,170.0,,
Tanzania,TZA,"Maternal mortality ratio (modeled estimate, per 100,000 live births)",SH.STA.MMRT,,,,,,,,,,,,,,,,,,,,,,,,,,980.0,971.0,964.0,949.0,927.0,900.0,873.0,864.0,851.0,816.0,797.0,775.0,777.0,739.0,635.0,568.0,493.0,454.0,397.0,365.0,350.0,366.0,453.0,511.0,502.0,486.0,475.0,448.0,479.0,454.0,433.0,396.0,345.0,319.0,292.0,160.0,162.0,152.0,276.0,,
Uganda,UGA,"Maternal mortality ratio (modeled estimate, per 100,000 live births)",SH.STA.MMRT,,,,,,,,,,,,,,,,,,,,,,,,,,842.0,781.0,709.0,655.0,609.0,575.0,549.0,530.0,515.0,507.0,514.0,513.0,522.0,523.0,504.0,475.0,440.0,416.0,395.0,384.0,417.0,409.0,345.0,324.0,322.0,304.0,295.0,285.0,308.0,311.0,299.0,272.0,246.0,232.0,219.0,209.0,216.0,184.0,170.0,,
Ukraine,UKR,"Maternal mortality ratio (modeled estimate, per 100,000 live births)",SH.STA.MMRT,,,,,,,,,,,,,,,,,,,,,,,,,,53.0,50.0,46.0,44.0,42.0,40.0,40.0,40.0,42.0,45.0,46.0,45.0,41.0,37.0,34.0,32.0,30.0,28.0,28.0,27.0,27.0,27.0,27.0,26.0,24.0,21.0,20.0,20.0,20.0,19.0,17.0,17.0,16.0,16.0,16.0,18.0,26.0,16.0,15.0,,
Upper middle income,UMC,"Maternal mortality ratio (modeled estimate, per 100,000 live births)",SH.STA.MMRT,,,,,,,,,,,,,,,,,,,,,,,,,,171.0,160.0,151.0,146.0,138.0,134.0,129.0,123.0,117.0,115.0,112.0,110.0,107.0,103.0,101.0,97.0,94.0,91.0,90.0,90.0,87.0,86.0,83.0,82.0,78.0,76.0,73.0,69.0,66.0,63.0,61.0,58.0,55.0,56.0,55.0,67.0,93.0,66.0,57.0,,
Uruguay,URY,"Maternal mortality ratio (modeled estimate, per 100,000 live births)",SH.STA.MMRT,,,,,,,,,,,,,,,,,,,,,,,,,,41.0,41.0,41.0,39.0,36.0,35.0,33.0,33.0,31.0,30.0,29.0,28.0,27.0,25.0,24.0,23.0,24.0,23.0,23.0,21.0,20.0,20.0,19.0,19.0,18.0,17.0,17.0,16.0,16.0,16.0,16.0,16.0,16.0,16.0,16.0,20.0,49.0,20.0,15.0,,
United States,USA,"Maternal mortality ratio (modeled estimate, per 100,000 live births)",SH.STA.MMRT,,,,,,,,,,,,,,,,,,,,,,,,,,11.0,11.0,11.0,12.0,12.0,12.0,12.0,11.0,12.0,11.0,12.0,11.0,11.0,11.0,12.0,12.0,13.0,13.0,13.0,13.0,13.0,13.0,13.0,14.0,15.0,15.0,15.0,16.0,16.0,17.0,17.0,18.0,18.0,18.0,18.0,22.0,31.0,20.0,17.0,,
Uzbekistan,UZB,"Maternal mortality ratio (modeled estimate, per 100,000 live births)",SH.STA.MMRT,,,,,,,,,,,,,,,,,,,,,,,,,,72.0,69.0,63.0,58.0,53.0,50.0,47.0,46.0,47.0,49.0,46.0,44.0,42.0,42.0,43.0,42.0,42.0,41.0,40.0,39.0,39.0,38.0,37.0,35.0,34.0,34.0,33.0,33.0,32.0,32.0,31.0,31.0,30.0,29.0,29.0,29.0,28.0,27.0,26.0,,
St. Vincent and the Grenadines,VCT,"Maternal mortality ratio (modeled estimate, per 100,000 live births)",SH.STA.MMRT,,,,,,,,,,,,,,,,,,,,,,,,,,77.0,71.0,69.0,67.0,70.0,72.0,71.0,89.0,76.0,78.0,80.0,79.0,78.0,77.0,72.0,68.0,64.0,62.0,59.0,56.0,55.0,54.0,54.0,56.0,56.0,59.0,59.0,61.0,73.0,64.0,59.0,52.0,58.0,56.0,58.0,57.0,105.0,56.0,56.0,,
"Venezuela, RB",VEN,"Maternal mortality ratio (modeled estimate, per 100,000 live births)",SH.STA.MMRT,,,,,,,,,,,,,,,,,,,,,,,,,,83.0,81.0,81.0,80.0,80.0,83.0,80.0,82.0,82.0,84.0,84.0,86.0,82.0,82.0,88.0,86.0,101.0,87.0,97.0,94.0,93.0,96.0,92.0,103.0,109.0,110.0,104.0,113.0,123.0,133.0,136.0,162.0,195.0,205.0,202.0,207.0,251.0,219.0,227.0,,
British Virgin Islands,VGB,"Maternal mortality ratio (modeled estimate, per 100,000 live births)",SH.STA.MMRT,,,,,,,,,,,,,,,,,,,,,,,,,,,,,,,,,,,,,,,,,,,,,,,,,,,,,,,,,,,,,,,,,,
Virgin Islands (U.S.),VIR,"Maternal mortality ratio (modeled estimate, per 100,000 live births)",SH.STA.MMRT,,,,,,,,,,,,,,,,,,,,,,,,,,,,,,,,,,,,,,,,,,,,,,,,,,,,,,,,,,,,,,,,,,
Viet Nam,VNM,"Maternal mortality ratio (modeled estimate, per 100,000 live births)",SH.STA.MMRT,,,,,,,,,,,,,,,,,,,,,,,,,,186.0,174.0,163.0,155.0,152.0,147.0,142.0,139.0,135.0,130.0,119.0,111.0,104.0,93.0,86.0,83.0,78.0,74.0,71.0,72.0,69.0,67.0,66.0,65.0,64.0,62.0,61.0,60.0,60.0,59.0,58.0,56.0,55.0,53.0,52.0,51.0,52.0,49.0,48.0,,
Vanuatu,VUT,"Maternal mortality ratio (modeled estimate, per 100,000 live births)",SH.STA.MMRT,,,,,,,,,,,,,,,,,,,,,,,,,,211.0,194.0,200.0,172.0,162.0,151.0,140.0,140.0,133.0,131.0,131.0,129.0,131.0,134.0,146.0,133.0,132.0,128.0,131.0,131.0,127.0,123.0,120.0,117.0,114.0,114.0,112.0,109.0,110.0,110.0,109.0,107.0,107.0,108.0,105.0,107.0,124.0,105.0,100.0,,
World,WLD,"Maternal mortality ratio (modeled estimate, per 100,000 live births)",SH.STA.MMRT,,,,,,,,,,,,,,,,,,,,,,,,,,460.0,438.0,429.0,414.0,401.0,391.0,395.0,395.0,389.0,382.0,371.0,366.0,358.0,360.0,340.0,328.0,321.0,311.0,301.0,291.0,283.0,276.0,269.0,264.0,258.0,253.0,247.0,239.0,235.0,231.0,228.0,220.0,215.0,211.0,207.0,211.0,242.0,203.0,197.0,,
Samoa,WSM,"Maternal mortality ratio (modeled estimate, per 100,000 live births)",SH.STA.MMRT,,,,,,,,,,,,,,,,,,,,,,,,,,160.0,153.0,147.0,143.0,136.0,135.0,131.0,124.0,117.0,112.0,105.0,103.0,98.0,96.0,94.0,93.0,93.0,89.0,87.0,86.0,87.0,86.0,85.0,87.0,94.0,92.0,93.0,101.0,100.0,106.0,108.0,108.0,111.0,110.0,111.0,114.0,115.0,110.0,101.0,,
Kosovo,XKX,"Maternal mortality ratio (modeled estimate, per 100,000 live births)",SH.STA.MMRT,,,,,,,,,,,,,,,,,,,,,,,,,,,,,,,,,,,,,,,,,,,,,,,,,,,,,,,,,,,,,,,,,,
"Yemen, Rep.",YEM,"Maternal mortality ratio (modeled estimate, per 100,000 live births)",SH.STA.MMRT,,,,,,,,,,,,,,,,,,,,,,,,,,430.0,430.0,400.0,388.0,371.0,359.0,341.0,330.0,319.0,311.0,296.0,282.0,271.0,260.0,250.0,241.0,231.0,218.0,205.0,194.0,181.0,171.0,161.0,153.0,149.0,144.0,140.0,137.0,135.0,134.0,135.0,134.0,142.0,134.0,131.0,135.0,156.0,125.0,118.0,,
South Africa,ZAF,"Maternal mortality ratio (modeled estimate, per 100,000 live births)",SH.STA.MMRT,,,,,,,,,,,,,,,,,,,,,,,,,,208.0,200.0,192.0,184.0,177.0,170.0,162.0,152.0,145.0,133.0,125.0,150.0,152.0,152.0,151.0,175.0,192.0,225.0,245.0,259.0,279.0,283.0,272.0,272.0,241.0,226.0,202.0,194.0,180.0,162.0,150.0,141.0,134.0,128.0,119.0,118.0,191.0,129.0,118.0,,
Zambia,ZMB,"Maternal mortality ratio (modeled estimate, per 100,000 live births)",SH.STA.MMRT,,,,,,,,,,,,,,,,,,,,,,,,,,596.0,619.0,630.0,635.0,635.0,625.0,611.0,581.0,532.0,507.0,466.0,433.0,403.0,392.0,378.0,340.0,306.0,274.0,250.0,260.0,264.0,262.0,324.0,394.0,406.0,332.0,291.0,256.0,213.0,174.0,154.0,158.0,141.0,117.0,103.0,99.0,140.0,89.0,85.0,,
Zimbabwe,ZWE,"Maternal mortality ratio (modeled estimate, per 100,000 live births)",SH.STA.MMRT,,,,,,,,,,,,,,,,,,,,,,,,,,573.0,525.0,480.0,431.0,382.0,353.0,332.0,333.0,331.0,332.0,332.0,352.0,357.0,368.0,399.0,405.0,467.0,418.0,455.0,451.0,454.0,480.0,519.0,526.0,540.0,567.0,564.0,558.0,525.0,468.0,428.0,411.0,389.0,386.0,388.0,380.0,446.0,368.0,358.0,,
